"Settled Population of Kabul province by Civil Division , Urban,  Rural  and Sex-2013-14",,,,,,,,,,,,,,,,,,,,,,,,,,,,,,,,,,,,
,,,,,,,,,,,,,,,,,,,,,,,,,,,,,,,,,,,,
 Figures in  Thousand,,,,,,,,,,Kabul Province,,,,,,,,,,,,,,,,,,,,,,,,,,
Rural,,,Urban,,,Total  Urban and  Rural,,,Minor Civil Division,,NO,,,,,,,,,,,,,,,,,,,,,,,,,
,,,,,,,,,,,,,,,,,,,,,,,,,,,,,,,,,,,,
,,,,,,,,,,,,,,,,,,,,,,,,,,,,,,,,,,,,
Female,Male,Both Sexes,Female,Male,Both Sexes,Female,Male,Both Sexes,,,,,,,,,,,,,,,,,,,,,,,,,,,,
,,,,,,,,,,,,,,,,,,,,,,,,,,,,,,,,,,,,
,,,,,,,,,,,,,,,,,,,,,,,,,,,,,,,,,,,,
318.4,333.1,651.5,1657.1,1777.9,3435.0,1975.5,2111.0,4086.5,Total,,,313.2,327.7,640.9,1596.5,1712.9,3309.4,1909.7,2040.6,3950.3,,,,0,,,,,,,,,,,,
__,__,__,1647.1,1767.0,3414.1,1647.1,1767.0,3414.1, Kabul Center (Kabul )                                                    ,,01,,,,1586.7,1702.3,3289,1586.7,1702.3,3289,,,,,,,,,,,,,,,,
48.3,51.0,99.3,10.0,10.9,20.9,58.3,61.9,120.2,Paghman,,02,47.5,50.2,97.7,9.8,10.6,20.4,57.3,60.8,118.1,,,,,,,,,,,,,,,,
17.4,18.8,36.2,__,__,__,17.4,18.8,36.2,Chahar Asyab,,03,17.1,18.5,35.6,,,,17.1,18.5,35.6,,,,,,,,,,,,,,,,
26.7,28.1,54.8,__,__,__,26.7,28.1,54.8,Bagrami,,04,26.3,27.6,53.9,,,,26.3,27.6,53.9,,,,,,,,,,,,,,,,
26.0,27.4,53.4,__,__,__,26.0,27.4,53.4, DehSabz                           ,,05,25.6,27,52.6,,,,25.6,27,52.6,,,,,,,,,,,,,,,,
40.0,41.4,81.4,__,__,__,40.0,41.4,81.4,Shakar Dara,,06,39.3,40.7,80,,,,39.3,40.7,80,,,,,,,,,,,,,,,,
11.3,11.8,23.1,__,__,__,11.3,11.8,23.1,Musahi,,07,11.1,11.7,22.8,,,,11.1,11.7,22.8,,,,,,,,,,,,,,,,
25.6,26.1,51.7,__,__,__,25.6,26.1,51.7,Mir Bacha kot,,08,25.1,25.7,50.8,,,,25.1,25.7,50.8,,,,,,,,,,,,,,,,
6.9,7.3,14.2,__,__,__,6.9,7.3,14.2,Khak-e-Jabar,,09,6.7,7.2,13.9,,,,6.7,7.2,13.9,,,,,,,,,,,,,,,,
14.6,15.3,29.9,__,__,__,14.6,15.3,29.9,Kalakan                   ,,10,14.4,15.1,29.5,,,,14.4,15.1,29.5,,,,,,,,,,,,,,,,
11.0,11.6,22.6,__,__,__,11.0,11.6,22.6,Guldara,,11,10.9,11.4,22.3,,,,10.9,11.4,22.3,,,,,,,,,,,,,,,,
10.3,10.9,21.2,__,__,__,10.3,10.9,21.2,Farza,,12,10.2,10.7,20.9,,,,10.2,10.7,20.9,,,,,,,,,,,,,,,,
16.3,17.0,33.3,__,__,__,16.3,17.0,33.3,Estalef,,13,16,16.7,32.7,,,,16,16.7,32.7,,,,,,,,,,,,,,,,
37.1,38.5,75.6,__,__,__,37.1,38.5,75.6,Qara Bagh                  ,,14,36.5,37.8,74.3,,,,36.5,37.8,74.3,,,,,,,,,,,,,,,,
26.9,27.9,54.8,__,__,__,26.9,27.9,54.8,Surubi,,15,26.5,27.4,53.9,,,,26.5,27.4,53.9,,,,,,,,,,,,,,,,
,,,,,,,,,,,,,,,,,,,,,,,,,,,,,,,,,,,,
,,,,,,,,,,,,,,,,,,,,,,,,,,,,,,,,,,,,
,,,,,,,,,,,,,,,,,,,,,,,,,,,,,,,,,,,,
"Settled Population of kapisa province by Civil Division , Urban,  Rural  and Sex-2013-14",,,,,,,,,,,,,,,,,,,,,,,,,,,,,,,,,,,,
,,,,,,,,,,,,,,,,,,,,,,,,,,,,,,,,,,,,
 Figures in  Thousand,,,,,,,,,,Kapisa Province,,,,,,,,,,,,,,,,,,,,,,,,,,
Rural,,,Urban,,,Total  Urban and  Rural,,,Minor Civil Division,,NO,,,,,,,,,,,,,,,,,,,,,,,,,
,,,,,,,,,,,,,,,,,,,,,,,,,,,,,,,,,,,,
,,,,,,,,,,,,,,,,,,,,,,,,,,,,,,,,,,,,
Female,Male,Both Sexes,Female,Male,Both Sexes,Female,Male,Both Sexes,,,,,,,,,,,,,,,,,,,,,,,,,,,,
,,,,,,,,,,,,,,,,,,,,,,,,,,,,,,,,,,,,
,,,,,,,,,,,,,,,,,,,,,,,,,,,,,,,,,,,,
210.8,214.5,425.3,0.6,0.9,1.5,211.4,215.4,426.8,Total,,,207.4,211.0,418.4,0.6,0.8,1.4,208,211.8,419.8,,212.6,421.2,633.8,,,,,,,,,,,,
30.8,31.2,62.0,0.6,0.9,1.5,31.4,32.1,63.5,Kapisa Center (Mahmood Raqi),,01,30.3,30.7,61,0.6,0.8,1.4,30.9,31.5,62.4,,,,,,,,,,,,,,,,
22.0,22.5,44.5,__,__,__,22.0,22.5,44.5,Hissa-e-Duwumi Kohistan,,02,21.6,22.2,43.8,,,,21.6,22.2,43.8,,,,,,,,,,,,,,,,
11.6,11.6,23.2,__,__,__,11.6,11.6,23.2,Koh Band,,03,11.4,11.4,22.8,,,,11.4,11.4,22.8,,,,,,,,,,,,,,,,
33.3,33.9,67.2,__,__,__,33.3,33.9,67.2,Hissa-e-Awali Kohistan,,04,32.8,33.4,66.2,,,,32.8,33.4,66.2,,,,,,,,,,,,,,,,
54.9,56.1,111.0,__,__,__,54.9,56.1,111.0,Nijrab,,05,54.1,55.2,109.3,,,,54.1,55.2,109.3,,,,,,,,,,,,,,,,
40.0,40.0,80.0,__,__,__,40.0,40.0,80.0,Tagab,,06,39.3,39.3,78.6,,,,39.3,39.3,78.6,,,,,,,,,,,,,,,,
18.2,19.2,37.4,__,__,__,18.2,19.2,37.4,Alasai,,07,17.9,18.8,36.7,,,,17.9,18.8,36.7,,,,,,,,,,,,,,,,
,,,,,,,,,,,,,,,,,,,,,,,,,,,,,,,,,,,,
,,,,,,,,,,,,,,,,,,,,,,,,,,,,,,,,,,,,
,,,,,,,,,,,,,,,,,,,,,,,,,,,,,,,,,,,,
"Settled Population of parwan province by Civil Division , Urban,  Rural  and Sex-2013-14",,,,,,,,,,,,,,,,,,,,,,,,,,,,,,,,,,,,
,,,,,,,,,,,,,,,,,,,,,,,,,,,,,,,,,,,,
 Figures in  Thousand,,,,,,,,,,Parwan Province,,,,,,,,,,,,,,,,,,,,,,,,,,
Rural,,,Urban,,,Total  Urban and  Rural,,,Minor Civil Division,,NO,,,,,,,,,,,,,,,,,,,,,,,,,
,,,,,,,,,,,,,,,,,,,,,,,,,,,,,,,,,,,,
,,,,,,,,,,,,,,,,,,,,,,,,,,,,,,,,,,,,
Female,Male,Both Sexes,Female,Male,Both Sexes,Female,Male,Both Sexes,,,,,,,,,,,,,,,,,,,,,,,,,,,,
,,,,,,,,,,,,,,,,,,,,,,,,,,,,,,,,,,,,
,,,,,,,,,,,,,,,,,,,,,,,,,,,,,,,,,,,,
289.3,296.2,585.5,28.1,28.7,56.8,317.4,324.9,642.3,Total,,,284.6,291.4,576.0,27.5,28.1,55.6,312.1,319.5,631.6,,347.6,687.2,1034.8,,,,,,,,,,,,
58.4,60.7,119.1,27.2,27.9,55.1,85.6,88.6,174.2,Parwan Center (Charikar ),,01,57.5,59.8,117.3,26.6,27.3,53.9,84.1,87.1,171.2,,,,,,,,,,,,,,,,
50.7,51.7,102.4,__,__,__,50.7,51.7,102.4,Bagram,,02,49.9,50.9,100.8,,,,49.9,50.9,100.8,,,,,,,,,,,,,,,,
20.1,20.6,40.7,__,__,__,20.1,20.6,40.7,Shinwari,,03,19.7,20.2,39.9,,,,19.7,20.2,39.9,,,,,,,,,,,,,,,,
22.1,23.0,45.1,__,__,__,22.1,23.0,45.1,Sayyid  Khel,,04,21.7,22.6,44.3,,,,21.7,22.6,44.3,,,,,,,,,,,,,,,,
30.3,31.1,61.4,0.9,0.8,1.7,31.2,31.9,63.1,Jabulussaraj   ,,05,29.8,30.6,60.4,0.9,0.8,1.7,30.7,31.4,62.1,,,,,,,,,,,,,,,,
12.8,12.9,25.7,__,__,__,12.8,12.9,25.7,Salang,,06,12.6,12.7,25.3,,,,12.6,12.7,25.3,,,,,,,,,,,,,,,,
47.8,47.7,95.5,__,__,__,47.8,47.7,95.5,syahgird  ('Ghurband),,07,47.1,47.0,94.1,,,,47.1,47.0,94.1,,,,,,,,,,,,,,,,
15.2,15.5,30.7,__,__,__,15.2,15.5,30.7,Koh-e- Safi,,08,15.0,15.2,30.2,,,,15.0,15.2,30.2,,,,,,,,,,,,,,,,
19.9,20.6,40.5,__,__,__,19.9,20.6,40.5,Surkhi  parsa,,09,19.5,20.2,39.7,,,,19.5,20.2,39.7,,,,,,,,,,,,,,,,
12.0,12.4,24.4,__,__,__,12.0,12.4,24.4,Shaykh  Ali,,10,11.8,12.2,24.0,,,,11.8,12.2,24.0,,,,,,,,,,,,,,,,
,,,,,,,,,,,,,,,,,,,,,,,,,,,,,,,,,,,,
,,,,,,,,,,,,,,,,,,,,,,,,,,,,,,,,,,,,
,,,,,,,,,,,,,,,,,,,,,,,,,,,,,,,,,,,,
"Settled Population of Wardak province by Civil Division , Urban,  Rural  and Sex-2013-14",,,,,,,,,,,,,,,,,,,,,,,,,,,,,,,,,,,,
,,,,,,,,,,,,,,,,,,,,,,,,,,,,,,,,,,,,
 Figures in  Thousand,,,,,,,,,,Wardak Province,,,,,,,,,,,,,,,,,,,,,,,,,,
Rural,,,Urban,,,Total  Urban and  Rural,,,Minor Civil Division,,NO,,,,,,,,,,,,,,,,,,,,,,,,,
,,,,,,,,,,,,,,,,,,,,,,,,,,,,,,,,,,,,
,,,,,,,,,,,,,,,,,,,,,,,,,,,,,,,,,,,,
Female,Male,Both Sexes,Female,Male,Both Sexes,Female,Male,Both Sexes,,,,,,,,,,,,,,,,,,,,,,,,,,,,
,,,,,,,,,,,,,,,,,,,,,,,,,,,,,,,,,,,,
,,,,,,,,,,,,,,,,,,,,,,,,,,,,,,,,,,,,
281.1,293.0,574.1,1.5,1.5,3.0,282.6,294.5,577.1,Total,,,276.5,288.3,564.8,1.4,1.4,2.8,277.9,289.7,567.6,,291.1,570.4,861.5,,,,,,,,,,,,
18.1,18.8,36.9,1.5,1.5,3.0,19.6,20.3,39.9,Wardak  Center (Maidan Shahr)      ,,01,17.8,18.5,36.3,1.4,1.4,2.8,19.2,19.9,39.1,,,,,,,,,,,,,,,,
27.3,29.0,56.3,__,__,__,27.3,29.0,56.3,Nerkh,,02,26.8,28.6,55.4,,,,26.8,28.6,55.4,,,,,,,,,,,,,,,,
25.7,26.7,52.4,__,__,__,25.7,26.7,52.4,Jalrez,,03,25.3,26.3,51.6,,,,25.3,26.3,51.6,,,,,,,,,,,,,,,,
40.6,42.7,83.3,__,__,__,40.6,42.7,83.3,Chak-e- Wardak,,04,40.0,42.1,82.1,,,,40.0,42.1,82.1,,,,,,,,,,,,,,,,
56.0,58.8,114.8,__,__,__,56.0,58.8,114.8,Sayyid Abad,,05,55.1,57.8,112.9,,,,55.1,57.8,112.9,,,,,,,,,,,,,,,,
15.1,15.6,30.7,__,__,__,15.1,15.6,30.7,Daimir Dad,,06,14.9,15.3,30.2,,,,14.9,15.3,30.2,,,,,,,,,,,,,,,,
18.0,18.6,36.6,__,__,__,18.0,18.6,36.6,Hissa-e- awali Behsud,,07,17.7,18.3,36.0,,,,17.7,18.3,36.0,,,,,,,,,,,,,,,,
22.2,23.0,45.2,__,__,__,22.2,23.0,45.2,Jaghatu,,08,21.8,22.6,44.4,,,,21.8,22.6,44.4,,,,,,,,,,,,,,,,
58.1,59.8,117.9,__,__,__,58.1,59.8,117.9,Markaz-e- Behsud,,09,57.1,58.8,115.9,,,,57.1,58.8,115.9,,,,,,,,,,,,,,,,
,,,,,,,,,,,,,,,,,,,,,,,,,,,,,,,,,,,,
,,,,,,,,,,,,,,,,,,,,,,,,,,,,,,,,,,,,
,,,,,,,,,,,,,,,,,,,,,,,,,,,,,,,,,,,,
"Settled Population of Logar province by Civil Division , Urban,  Rural  and Sex-2013-14",,,,,,,,,,,,,,,,,,,,,,,,,,,,,,,,,,,,
,,,,,,,,,,,,,,,,,,,,,,,,,,,,,,,,,,,,
 Figures in  Thousand,,,,,,,,,,Logar Province,,,,,,,,,,,,,,,,,,,,,,,,,,
Rural,,,Urban,,,Total  Urban and  Rural,,,Minor Civil Division,,NO,,,,,,,,,,,,,,,,,,,,,,,,,
,,,,,,,,,,,,,,,,,,,,,,,,,,,,,,,,,,,,
,,,,,,,,,,,,,,,,,,,,,,,,,,,,,,,,,,,,
Female,Male,Both Sexes,Female,Male,Both Sexes,Female,Male,Both Sexes,,,,,,,,,,,,,,,,,,,,,,,,,,,,
,,,,,,,,,,,,,,,,,,,,,,,,,,,,,,,,,,,,
,,,,,,,,,,,,,,,,,,,,,,,,,,,,,,,,,,,,
181.7,188.2,369.9,4.7,4.8,9.5,186.4,193.0,379.4,Total,,,178.7,185.1,363.8,4.6,4.7,9.3,183.3,189.8,373.1,,194.5,382.4,576.9,,,,,,,,,,,,
48.9,50.3,99.2,2.6,2.7,5.3,51.5,53.0,104.5,Logar Center(Puli Alam),,01,48.1,49.5,97.6,2.5,2.6,5.1,50.6,52.1,102.7,,,,,,,,,,,,,,,,
40.4,41.9,82.3,2.1,2.1,4.2,42.5,44.0,86.5,Baraki Barak,,02,39.8,41.2,81.0,2.1,2.1,4.2,41.9,43.3,85.2,,,,,,,,,,,,,,,,
21.6,22.3,43.9,__,__,__,21.6,22.3,43.9,Charkh,,03,21.2,21.9,43.1,,,,21.2,21.9,43.1,,,,,,,,,,,,,,,,
11.7,12.1,23.8,__,__,__,11.7,12.1,23.8,khushi,,04,11.5,11.9,23.4,,,,11.5,11.9,23.4,,,,,,,,,,,,,,,,
36.5,38.1,74.6,__,__,__,36.5,38.1,74.6,Mohammad Agha,,05,35.9,37.5,73.4,,,,35.9,37.5,73.4,,,,,,,,,,,,,,,,
12.8,13.1,25.9,__,__,__,12.8,13.1,25.9,Khar war,,06,12.6,12.9,25.5,,,,12.6,12.9,25.5,,,,,,,,,,,,,,,,
9.8,10.4,20.2,__,__,__,9.8,10.4,20.2,Azra,,07,9.6,10.2,19.8,,,,9.6,10.2,19.8,,,,,,,,,,,,,,,,
,,,,,,,,,,,,,,,,,,,,,,,,,,,,,,,,,,,,
,,,,,,,,,,,,,,,,,,,,,,,,,,,,,,,,,,,,
,,,,,,,,,,,,,,,,,,,,,,,,,,,,,,,,,,,,
"Settled Population of Nangarhar province by Civil Division , Urban,  Rural  and Sex-2013-14",,,,,,,,,,,,,,,,,,,,,,,,,,,,,,,,,,,,
,,,,,,,,,,,,,,,,,,,,,,,,,,,,,,,,,,,,
 Figures in  Thousand,,,,,,,,,,Nangarhar Province,,,,,,,,,,,,,,,,,,,,,,,,,,
Rural,,,Urban,,,Total  Urban and  Rural,,,Minor Civil Division,,NO,,,,,,,,,,,,,,,,,,,,,,,,,
,,,,,,,,,,,,,,,,,,,,,,,,,,,,,,,,,,,,
,,,,,,,,,,,,,,,,,,,,,,,,,,,,,,,,,,,,
Female,Male,Both Sexes,Female,Male,Both Sexes,Female,Male,Both Sexes,,,,,,,,,,,,,,,,,,,,,,,,,,,,
,,,,,,,,,,,,,,,,,,,,,,,,,,,,,,,,,,,,
,,,,,,,,,,,,,,,,,,,,,,,,,,,,,,,,,,,,
608.5,636.7,1245.2,105.5,111.9,217.4,714.0,748.6,1462.6,Total,,,493.5,517.7,1011.2,102.4,108.6,211.0,595.9,626.3,1222.2,,734.9,1433.2,2168.1,,,,,,,,,,,,
__,__,__,103.3,109.6,212.9,103.3,109.6,212.9,Nangarhar Center (Jalalabad),,01,,,,100.2,106.3,206.5,100.2,106.3,206.5,,,,,,,,,,,,,,,,
55.3,57.0,112.3,__,__,__,55.3,57.0,112.3,Behsud,,02,54.4,56.1,110.5,,,,54.4,56.1,110.5,,,,,,,,,,,,,,,,
57.7,61.3,119.0,__,__,__,57.7,61.3,119.0,Surkh Rud,,03,56.8,60.3,117.1,,,,56.8,60.3,117.1,,,,,,,,,,,,,,,,
29.3,30.3,59.6,__,__,__,29.3,30.3,59.6,Chapar har,,04,28.8,29.8,58.6,,,,28.8,29.8,58.6,,,,,,,,,,,,,,,,
37.1,38.9,76.0,__,__,__,37.1,38.9,76.0,Kama,,05,36.4,38.3,74.7,,,,36.4,38.3,74.7,,,,,,,,,,,,,,,,
26.4,28.0,54.4,__,__,__,26.4,28.0,54.4,Kuzkunar,,06,25.9,27.5,53.4,,,,25.9,27.5,53.4,,,,,,,,,,,,,,,,
33.2,35.1,68.3,__,__,__,33.2,35.1,68.3,Rodat,,07,32.7,34.5,67.2,,,,32.7,34.5,67.2,,,,,,,,,,,,,,,,
60.5,63.9,124.4,2.2,2.3,4.5,62.7,66.2,128.9,Khugyani,,08,59.5,62.8,122.3,2.2,2.3,4.5,61.7,65.1,126.8,,,,,,,,,,,,,,,,
36.7,38.1,74.8,__,__,__,36.7,38.1,74.8,Bati Kot,,09,36.1,37.5,73.6,,,,36.1,37.5,73.6,,,,,,,,,,,,,,,,
19.4,20.4,39.8,__,__,__,19.4,20.4,39.8,Deh Bala,,10,19.1,20.1,39.2,,,,19.1,20.1,39.2,,,,,,,,,,,,,,,,
20.4,21.6,42.0,__,__,__,20.4,21.6,42.0,Pachir Waagam,,11,20.1,21.3,41.4,,,,20.1,21.3,41.4,,,,,,,,,,,,,,,,
,,,,,,,,,,,,,,,,,,,,,,,,,,,,,,,,,,,,
,,,,,,,,,,,,,,,,,,,,,,,,,,,,,,,,,,,,
,,,,,,,,,,,,,,,,,,,,,,,,,,,,,,,,,,,,
"Settled Population of Nangarhar province by Civil Division , Urban,  Rural  and Sex-2013-14",,,,,,,,,,,,,,,,,,,,,,,,,,,,,,,,,,,,
... ( contd. ),,,,,,,,,,,,,,,,,,,,,,,,,,,,,,,,,,,,
,,,,,,,,,,,,,,,,,,,,,,,,,,,,,,,,,,,,
 Figures in  Thousand,,,,,,,,,,Nangarhar Province,,,,,,,,,,,,,,,,,,,,,,,,,,
Rural,,,Urban,,,Total  Urban and  Rural,,,Minor Civil Division,,NO,,,,,,,,,,,,,,,,,,,,,,,,,
,,,,,,,,,,,,,,,,,,,,,,,,,,,,,,,,,,,,
,,,,,,,,,,,,,,,,,,,,,,,,,,,,,,,,,,,,
Female,Male,Both Sexes,Female,Male,Both Sexes,Female,Male,Both Sexes,,,,,,,,,,,,,,,,,,,,,,,,,,,,
,,,,,,,,,,,,,,,,,,,,,,,,,,,,,,,,,,,,
,,,,,,,,,,,,,,,,,,,,,,,,,,,,,,,,,,,,
19.5,20.3,39.8,__,__,__,19.5,20.3,39.8,Darah -e- Noor,,12,,,,,,,,,,,,,,,,,,,,,,,,,
25.4,26.0,51.4,__,__,__,25.4,26.0,51.4,Kot,,13,,,,,,,,,,,,,,,,,,,,,,,,,
13.2,13.7,26.9,__,__,__,13.2,13.7,26.9,Goshta,,14,,,,,,,,,,,,,,,,,,,,,,,,,
48.7,50.4,99.1,__,__,__,48.7,50.4,99.1,Achin,,15,,,,,,,,,,,,,,,,,,,,,,,,,
29.0,30.2,59.2,__,__,__,29.0,30.2,59.2,Shinwar,,16,28.6,29.7,58.3,,,,28.6,29.7,58.3,,,,,,,,,,,,,,,,
21.6,22.8,44.4,__,__,__,21.6,22.8,44.4,Muhmand __Dara,,17,21.3,22.4,43.7,,,,21.3,22.4,43.7,,,,,,,,,,,,,,,,
9.9,10.3,20.2,__,__,__,9.9,10.3,20.2,Lalpoor,,18,9.7,10.2,19.9,,,,9.7,10.2,19.9,,,,,,,,,,,,,,,,
32.2,33.3,65.5,__,__,__,32.2,33.3,65.5,Sher Zad,,19,31.6,32.8,64.4,,,,31.6,32.8,64.4,,,,,,,,,,,,,,,,
7.0,7.6,14.6,__,__,__,7.0,7.6,14.6,Nazyan,,20,6.9,7.4,14.3,,,,6.9,7.4,14.3,,,,,,,,,,,,,,,,
14.8,15.6,30.4,__,__,__,14.8,15.6,30.4,Hesarak,,21,14.6,15.3,29.9,,,,14.6,15.3,29.9,,,,,,,,,,,,,,,,
11.2,11.9,23.1,__,__,__,11.2,11.9,23.1,Dur  Baba,,22,11.0,11.7,22.7,,,,11.0,11.7,22.7,,,,,,,,,,,,,,,,
,,,,,,,,,,,,,,,,,,,,,,,,,,,,,,,,,,,,
,,,,,,,,,,,,,,,,,,,,,,,,,,,,,,,,,,,,
,,,,,,,,,,,,,,,,,,,,,,,,,,,,,,,,,,,,
"Settled Population of Laghman province by Civil Division , Urban,  Rural  and Sex-2013-14",,,,,,,,,,,,,,,,,,,,,,,,,,,,,,,,,,,,
,,,,,,,,,,,,,,,,,,,,,,,,,,,,,,,,,,,,
 Figures in  Thousand,,,,,,,,,,Laghman Province,,,,,,,,,,,,,,,,,,,,,,,,,,
Rural,,,Urban,,,Total  Urban and  Rural,,,Minor Civil Division,,NO,,,,,,,,,,,,,,,,,,,,,,,,,
,,,,,,,,,,,,,,,,,,,,,,,,,,,,,,,,,,,,
,,,,,,,,,,,,,,,,,,,,,,,,,,,,,,,,,,,,
Female,Male,Both Sexes,Female,Male,Both Sexes,Female,Male,Both Sexes,,,,,,,,,,,,,,,,,,,,,,,,,,,,
,,,,,,,,,,,,,,,,,,,,,,,,,,,,,,,,,,,,
,,,,,,,,,,,,,,,,,,,,,,,,,,,,,,,,,,,,
207.9,218.4,426.3,2.3,2.6,4.9,210.2,221.0,431.2,Total,,,204.5,214.8,419.3,2.3,2.5,4.8,206.8,217.3,424.1,,219.8,428.9,648.7,,,,,,,,,,,,
59.9,63.2,123.1,2.3,2.6,4.9,62.2,65.8,128.0,Laghman Center (Mehterlam),,01,59.0,62.2,121.2,2.3,2.5,4.8,61.3,64.7,126.0,,,,,,,,,,,,,,,,
47.3,49.6,96.9,__,__,__,47.3,49.6,96.9,Qarghayee,,02,46.5,48.8,95.3,,,,46.5,48.8,95.3,,,,,,,,,,,,,,,,
34.5,36.0,70.5,__,__,__,34.5,36.0,70.5,Alishing,,03,33.9,35.4,69.3,,,,33.9,35.4,69.3,,,,,,,,,,,,,,,,
46.6,49.0,95.6,__,__,__,46.6,49.0,95.6,Alingar,,04,45.8,48.2,94.0,,,,45.8,48.2,94.0,,,,,,,,,,,,,,,,
16.0,16.9,32.9,__,__,__,16.0,16.9,32.9,Dawlat Shah,,05,15.8,16.6,32.4,,,,15.8,16.6,32.4,,,,,,,,,,,,,,,,
3.6,3.7,7.3,__,__,__,3.6,3.7,7.3,Bad pash,,06*,3.5,3.6,7.1,,,,3.5,3.6,7.1,,,,,,,,,,,,,,,,
Badpash District is temporary                                   ,,,,,,,,,,,,,,,,,,,,,,,,,,,,,,,,,,,,
,,,,,,,,,,,,,,,,,,,,,,,,,,,,,,,,,,,,
,,,,,,,,,,,,,,,,,,,,,,,,,,,,,,,,,,,,
"Settled Population of Panjsher province by Civil Division , Urban,  Rural  and Sex-2013-14",,,,,,,,,,,,,,,,,,,,,,,,,,,,,,,,,,,,
,,,,,,,,,,,,,,,,,,,,,,,,,,,,,,,,,,,,
 Figures in  Thousand,,,,,,,,,,Panjsher Province,,,,,,,,,,,,,,,,,,,,,,,,,,
Rural,,,Urban,,,Total  Urban and  Rural,,,Minor Civil Division,,NO,,,,,,,,,,,,,,,,,,,,,,,,,
,,,,,,,,,,,,,,,,,,,,,,,,,,,,,,,,,,,,
,,,,,,,,,,,,,,,,,,,,,,,,,,,,,,,,,,,,
Female,Male,Both Sexes,Female,Male,Both Sexes,Female,Male,Both Sexes,,,,,,,,,,,,,,,,,,,,,,,,,,,,
,,,,,,,,,,,,,,,,,,,,,,,,,,,,,,,,,,,,
,,,,,,,,,,,,,,,,,,,,,,,,,,,,,,,,,,,,
72.6,76.0,148.6,__,__,__,72.6,76.0,148.6,Total,,,71.4,74.7,146.1,,,,71.4,74.7,146.1,,74.7,146.1,220.8,,,,,,,,,,,,
9.1,9.5,18.6,__,__,__,9.1,9.5,18.6,Panjsher  Center (Bazarak),,01,8.9,9.4,18.3,,,,8.9,9.4,18.3,,,,,,,,,,,,,,,,
11.0,11.6,22.6,__,__,__,11.0,11.6,22.6,Rukha,,02,10.8,11.4,22.2,,,,10.8,11.4,22.2,,,,,,,,,,,,,,,,
6.7,7.0,13.7,__,__,__,6.7,7.0,13.7,Darah,,03,6.6,6.8,13.4,,,,6.6,6.8,13.4,,,,,,,,,,,,,,,,
19.3,20.2,39.5,__,__,__,19.3,20.2,39.5,Hissa-e- Awal   (Khinj),,04,19.0,19.9,38.9,,,,19.0,19.9,38.9,,,,,,,,,,,,,,,,
8.6,9.2,17.8,__,__,__,8.6,9.2,17.8,Unaba,,05,8.4,9.0,17.4,,,,8.4,9.0,17.4,,,,,,,,,,,,,,,,
5.4,5.5,10.9,__,__,__,5.4,5.5,10.9,Shutul,,06,5.3,5.4,10.7,,,,5.3,5.4,10.7,,,,,,,,,,,,,,,,
7.2,7.4,14.6,__,__,__,7.2,7.4,14.6,Paryan,,07,7.1,7.3,14.4,,,,7.1,7.3,14.4,,,,,,,,,,,,,,,,
5.3,5.6,10.9,__,__,__,5.3,5.6,10.9,Ab shar,,08*,5.3,5.5,10.8,,,,5.3,5.5,10.8,,,,,,,,,,,,,,,,
Abshar District is temporary                                     ,,,,,,,,,,,,,,,,,,,,,,,,,,,,,,,,,,,,
,,,,,,,,,,,,,,,,,,,,,,,,,,,,,,,,,,,,
,,,,,,,,,,,,,,,,,,,,,,,,,,,,,,,,,,,,
"Settled Population of Baghlan province by Civil Division , Urban,  Rural  and Sex-2013-14",,,,,,,,,,,,,,,,,,,,,,,,,,,,,,,,,,,,
,,,,,,,,,,,,,,,,,,,,,,,,,,,,,,,,,,,,
 Figures in  Thousand,,,,,,,,,,Baghlan Province,,,,,,,,,,,,,,,,,,,,,,,,,,
Rural,,,Urban,,,Total  Urban and  Rural,,,Minor Civil Division,,NO,,,,,,,,,,,,,,,,,,,,,,,,,
,,,,,,,,,,,,,,,,,,,,,,,,,,,,,,,,,,,,
,,,,,,,,,,,,,,,,,,,,,,,,,,,,,,,,,,,,
Female,Male,Both Sexes,Female,Male,Both Sexes,Female,Male,Both Sexes,,,,,,,,,,,,,,,,,,,,,,,,,,,,
,,,,,,,,,,,,,,,,,,,,,,,,,,,,,,,,,,,,
,,,,,,,,,,,,,,,,,,,,,,,,,,,,,,,,,,,,
341.8,360.6,702.4,86.7,89.9,176.6,428.5,450.5,879.0,Total,,,336.3,354.8,691.1,84.7,87.9,172.6,421.0,442.7,863.7,,530.6,1036.3,1566.9,,,,,,,,,,,,
50.6,53.5,104.1,50.5,53.0,103.5,101.1,106.5,207.6,Baghlan Center (Pul-i-Khumri),,01,49.8,52.7,102.5,49.3,51.8,101.1,99.1,104.5,203.6,,,,,,,,,,,,,,,,
27.5,29.0,56.5,0.7,0.9,1.6,28.2,29.9,58.1,Dahana-e-Ghuri,,02,27.1,28.6,55.7,0.7,0.9,1.6,27.8,29.5,57.3,,,,,,,,,,,,,,,,
32.3,33.8,66.1,__,__,__,32.3,33.8,66.1,Dushi,,03,31.8,33.2,65.0,,,0.0,31.8,33.2,65.0,,,,,,,,,,,,,,,,
30.9,32.5,63.4,2.3,2.6,4.9,33.2,35.1,68.3,Nahreen,,04,30.4,32.0,62.4,2.3,2.5,4.8,32.7,34.5,67.2,,,,,,,,,,,,,,,,
50.9,53.0,103.9,33.2,33.4,66.6,84.1,86.4,170.5,Baghlan-e- Jadeed,,05,50.0,52.1,102.1,32.4,32.7,65.1,82.4,84.8,167.2,,,,,,,,,,,,,,,,
14.8,15.3,30.1,__,__,__,14.8,15.3,30.1,Khinjan,,06,14.5,15.1,29.6,,,,14.5,15.1,29.6,,,,,,,,,,,,,,,,
12.3,12.9,25.2,__,__,__,12.3,12.9,25.2,Andarab,,07,12.1,12.7,24.8,,,,12.1,12.7,24.8,,,,,,,,,,,,,,,,
15.2,16.4,31.6,__,__,__,15.2,16.4,31.6,Deh  Salah,,08,15.0,16.1,31.1,,,,15.0,16.1,31.1,,,,,,,,,,,,,,,,
11.4,12.2,23.6,__,__,__,11.4,12.2,23.6,Khwaja hejran (Jalga ),,09,24.9,26.3,51.2,,,,24.9,26.3,51.2,,,,,,,,,,,,,,,,
25.3,26.7,52.0,__,__,__,25.3,26.7,52.0,Burka,,10,11.2,12.0,23.2,,,,11.2,12.0,23.2,,,,,,,,,,,,,,,,
14.4,15.4,29.8,__,__,__,14.4,15.4,29.8,Tala Wa Barfak,,11,14.2,15.2,29.4,,,,14.2,15.2,29.4,,,,,,,,,,,,,,,,
13.1,14.2,27.3,__,__,__,13.1,14.2,27.3,Pul –e-Hisar,,12,12.9,13.9,26.8,,,,12.9,13.9,26.8,,,,,,,,,,,,,,,,
30.3,32.1,62.4,__,__,__,30.3,32.1,62.4,Khost Wa Firing,,13,29.8,31.5,61.3,,,,29.8,31.5,61.3,,,,,,,,,,,,,,,,
4.8,5.2,10.0,__,__,__,4.8,5.2,10.0,Gozargah-e- Noor,,14,4.7,5.2,9.9,,,,4.7,5.2,9.9,,,,,,,,,,,,,,,,
8.0,8.4,16.4,__,__,__,8.0,8.4,16.4,Firing Wa Gharu,,15,7.9,8.2,16.1,,,,7.9,8.2,16.1,,,,,,,,,,,,,,,,
,,,,,,,,,,,,,,,,,,,,,,,,,,,,,,,,,,,,
,,,,,,,,,,,,,,,,,,,,,,,,,,,,,,,,,,,,
,,,,,,,,,,,,,,,,,,,,,,,,,,,,,,,,,,,,
"Settled Population of Bamyan province by Civil Division , Urban,  Rural  and Sex-2013-14",,,,,,,,,,,,,,,,,,,,,,,,,,,,,,,,,,,,
,,,,,,,,,,,,,,,,,,,,,,,,,,,,,,,,,,,,
 Figures in  Thousand,,,,,,,,,,Bamyan Province,,,,,,,,,,,,,,,,,,,,,,,,,,
Rural,,,Urban,,,Total  Urban and  Rural,,,Minor Civil Division,,NO,,,,,,,,,,,,,,,,,,,,,,,,,
,,,,,,,,,,,,,,,,,,,,,,,,,,,,,,,,,,,,
,,,,,,,,,,,,,,,,,,,,,,,,,,,,,,,,,,,,
Female,Male,Both Sexes,Female,Male,Both Sexes,Female,Male,Both Sexes,,,,,,,,,,,,,,,,,,,,,,,,,,,,
,,,,,,,,,,,,,,,,,,,,,,,,,,,,,,,,,,,,
,,,,,,,,,,,,,,,,,,,,,,,,,,,,,,,,,,,,
207.2,213.1,420.3,6.2,6.2,12.4,213.4,219.3,432.7,Total,,,203.8,209.7,413.5,6.0,6.0,12.0,209.8,215.7,425.5,,,,,,,,,,,,,,,,
35.1,35.0,70.1,6.2,6.2,12.4,41.3,41.2,82.5,Bamyan Center (Bamyan ),,01,34.5,34.4,68.9,6.0,6.0,12.0,40.5,40.4,80.9,,,,,,,,,,,,,,,,
14.1,15.1,29.2,__,__,__,14.1,15.1,29.2,Shebar,,02,13.8,14.9,28.7,,,,13.8,14.9,28.7,,,,,,,,,,,,,,,,
11.6,12.1,23.7,__,__,__,11.6,12.1,23.7,Saighan,,03,11.4,11.9,23.3,,,,11.4,11.9,23.3,,,,,,,,,,,,,,,,
17.5,18.3,35.8,__,__,__,17.5,18.3,35.8,Kahmard,,04,17.3,18.0,35.3,,,,17.3,18.0,35.3,,,,,,,,,,,,,,,,
42.5,43.9,86.4,__,__,__,42.5,43.9,86.4,Yakawlang,,05,41.8,43.2,85.0,,,,41.8,43.2,85.0,,,,,,,,,,,,,,,,
33.3,34.0,67.3,__,__,__,33.3,34.0,67.3,Panjab,,06,32.8,33.5,66.3,,,,32.8,33.5,66.3,,,,,,,,,,,,,,,,
53.1,54.7,107.8,__,__,__,53.1,54.7,107.8,Waras,,07,52.2,53.8,106.0,,,,52.2,53.8,106.0,,,,,,,,,,,,,,,,
,,,,,,,,,,,,,,,,,,,,,,,,,,,,,,,,,,,,
,,,,,,,,,,,,,,,,,,,,,,,,,,,,,,,,,,,,
,,,,,,,,,,,,,,,,,,,,,,,,,,,,,,,,,,,,
"Settled Population of Ghazni province by Civil Division , Urban,  Rural  and Sex-2013-14",,,,,,,,,,,,,,,,,,,,,,,,,,,,,,,,,,,,
,,,,,,,,,,,,,,,,,,,,,,,,,,,,,,,,,,,,
 Figures in  Thousand,,,,,,,,,,Ghazni Province,,,,,,,,,,,,,,,,,,,,,,,,,,
Rural,,,Urban,,,Total  Urban and  Rural,,,Minor Civil Division,,NO,,,,,,,,,,,,,,,,,,,,,,,,,
,,,,,,,,,,,,,,,,,,,,,,,,,,,,,,,,,,,,
,,,,,,,,,,,,,,,,,,,,,,,,,,,,,,,,,,,,
Female,Male,Both Sexes,Female,Male,Both Sexes,Female,Male,Both Sexes,,,,,,,,,,,,,,,,,,,,,,,,,,,,
,,,,,,,,,,,,,,,,,,,,,,,,,,,,,,,,,,,,
,,,,,,,,,,,,,,,,,,,,,,,,,,,,,,,,,,,,
553.0,577.8,1130.8,28.3,29.5,57.8,581.3,607.3,1188.6,Total,,,544.0,568.4,1112.4,27.6,28.8,56.4,571.6,597.2,1168.8,,,,,,,,,,,,,,,,
50.7,52.3,103.0,28.3,29.5,57.8,79.0,81.8,160.8,Ghazni Center(Ghazni),,01,49.8,51.4,101.2,27.6,28.8,56.4,77.4,80.2,157.6,,,,,,,,,,,,,,,,
9.6,10.2,19.8,__,__,__,9.6,10.2,19.8,Wali M. Shahid (khugyani),,02,9.5,10.1,19.6,,,,9.5,10.1,19.6,,,,,,,,,,,,,,,,
9.3,9.4,18.7,__,__,__,9.3,9.4,18.7,Khwaja Omari,,03,9.1,9.3,18.4,,,,9.1,9.3,18.4,,,,,,,,,,,,,,,,
18.5,19.6,38.1,__,__,__,18.5,19.6,38.1,Waghaz,,04,18.2,19.3,37.5,,,,18.2,19.3,37.5,,,,,,,,,,,,,,,,
23.7,24.6,48.3,__,__,__,23.7,24.6,48.3,Deh Yak,,05,23.3,24.2,47.5,,,,23.3,24.2,47.5,,,,,,,,,,,,,,,,
15.3,16.0,31.3,__,__,__,15.3,16.0,31.3,Jaghatu,,06,15.1,15.8,30.9,,,,15.1,15.8,30.9,,,,,,,,,,,,,,,,
60.0,63.3,123.3,__,__,__,60.0,63.3,123.3,Andar,,07,59.0,62.3,121.3,,,,59.0,62.3,121.3,,,,,,,,,,,,,,,,
6.0,6.4,12.4,__,__,__,6.0,6.4,12.4,Zanakhan,,08,5.9,6.3,12.2,,,,5.9,6.3,12.2,,,,,,,,,,,,,,,,
8.7,9.1,17.8,__,__,__,8.7,9.1,17.8,Rashidan,,09,8.6,8.9,17.5,,,,8.6,8.9,17.5,,,,,,,,,,,,,,,,
46.0,47.5,93.5,__,__,__,46.0,47.5,93.5,Nawur,,10,45.2,46.7,91.9,,,,45.2,46.7,91.9,,,,,,,,,,,,,,,,
69.0,72.1,141.1,__,__,__,69.0,72.1,141.1,Qara Bagh,,11,67.9,70.9,138.8,,,,67.9,70.9,138.8,,,,,,,,,,,,,,,,
17.3,18.8,36.1,__,__,__,17.3,18.8,36.1,Giro,,12,17.0,18.5,35.5,,,,17.0,18.5,35.5,,,,,,,,,,,,,,,,
13.1,14.1,27.2,__,__,__,13.1,14.1,27.2,Ab Band,,13,12.9,13.8,26.7,,,,12.9,13.8,26.7,,,,,,,,,,,,,,,,
85.6,88.8,174.4,__,__,__,85.6,88.8,174.4,Jaghuri,,14,84.2,87.4,171.6,,,,84.2,87.4,171.6,,,,,,,,,,,,,,,,
23.9,25.8,49.7,__,__,__,23.9,25.8,49.7,Muqur,,15,23.5,25.4,48.9,,,,23.5,25.4,48.9,,,,,,,,,,,,,,,,
40.3,40.8,81.1,__,__,__,40.3,40.8,81.1,Malistan,,16,39.7,40.1,79.8,,,,39.7,40.1,79.8,,,,,,,,,,,,,,,,
27.9,29.3,57.2,__,__,__,27.9,29.3,57.2,Gelan,,17,27.4,28.8,56.2,,,,27.4,28.8,56.2,,,,,,,,,,,,,,,,
13.8,14.6,28.4,__,__,__,13.8,14.6,28.4,Ajristan,,18,13.6,14.4,28.0,,,,13.6,14.4,28.0,,,,,,,,,,,,,,,,
14.3,15.1,29.4,__,__,__,14.3,15.1,29.4,Nawa,,19,14.1,14.8,28.9,,,,14.1,14.8,28.9,,,,,,,,,,,,,,,,
,,,,,,,,,,,,,,,,,,,,,,,,,,,,,,,,,,,,
,,,,,,,,,,,,,,,,,,,,,,,,,,,,,,,,,,,,
,,,,,,,,,,,,,,,,,,,,,,,,,,,,,,,,,,,,
"Settled Population of Paktika province by Civil Division , Urban,  Rural  and Sex-2013-14",,,,,,,,,,,,,,,,,,,,,,,,,,,,,,,,,,,,
,,,,,,,,,,,,,,,,,,,,,,,,,,,,,,,,,,,,
 Figures in  Thousand,,,,,,,,,,Paktika Province,,,,,,,,,,,,,,,,,,,,,,,,,,
Rural,,,Urban,,,Total  Urban and  Rural,,,Minor Civil Division,,NO,,,,,,,,,,,,,,,,,,,,,,,,,
,,,,,,,,,,,,,,,,,,,,,,,,,,,,,,,,,,,,
,,,,,,,,,,,,,,,,,,,,,,,,,,,,,,,,,,,,
Female,Male,Both Sexes,Female,Male,Both Sexes,Female,Male,Both Sexes,,,,,,,,,,,,,,,,,,,,,,,,,,,,
,,,,,,,,,,,,,,,,,,,,,,,,,,,,,,,,,,,,
,,,,,,,,,,,,,,,,,,,,,,,,,,,,,,,,,,,,
203.6,214.4,418.0,1.2,1.5,2.7,204.8,215.9,420.7,Total,,,200.3,210.9,411.2,1.2,1.4,2.6,201.5,212.3,413.8,,,,,,,,,,,,,,,,
22.9,23.9,46.8,1.2,1.5,2.7,24.1,25.4,49.5,Paktika Center(Sharan),,01,22.5,23.5,46.0,1.2,1.4,2.6,23.7,24.9,48.6,,,,,,,,,,,,,,,,
12.0,12.7,24.7,__,__,__,12.0,12.7,24.7,Mata Khan,,02,11.8,12.4,24.2,,,0.0,11.8,12.4,24.2,,,,,,,,,,,,,,,,
6.5,6.8,13.3,__,__,__,6.5,6.8,13.3,Yosuf Khel,,03,6.4,6.7,13.1,,,,6.4,6.7,13.1,,,,,,,,,,,,,,,,
8.4,8.8,17.2,__,__,__,8.4,8.8,17.2,Yahya Khel,,04,8.2,8.7,16.9,,,,8.2,8.7,16.9,,,,,,,,,,,,,,,,
11.2,11.7,22.9,__,__,__,11.2,11.7,22.9,Sar Rawza,,05,11.0,11.5,22.5,,,,11.0,11.5,22.5,,,,,,,,,,,,,,,,
5.8,6.2,12.0,__,__,__,5.8,6.2,12.0,Omna,,06,5.7,6.1,11.8,,,,5.7,6.1,11.8,,,,,,,,,,,,,,,,
14.4,15.1,29.5,__,__,__,14.4,15.1,29.5,Zarghun Shahr,,07,14.2,14.9,29.1,,,,14.2,14.9,29.1,,,,,,,,,,,,,,,,
3.7,3.9,7.6,__,__,__,3.7,3.9,7.6,Gomal,,08,3.7,3.9,7.6,,,,3.7,3.9,7.6,,,,,,,,,,,,,,,,
11.5,12.2,23.7,__,__,__,11.5,12.2,23.7,Jani Khel,,09,11.3,12.0,23.3,,,,11.3,12.0,23.3,,,,,,,,,,,,,,,,
6.0,6.3,12.3,__,__,__,6.0,6.3,12.3,Surubi,,10,5.9,6.2,12.1,,,,5.9,6.2,12.1,,,,,,,,,,,,,,,,
26.6,28.0,54.6,__,__,__,26.6,28.0,54.6,Urgoon,,11,26.2,27.5,53.7,,,,26.2,27.5,53.7,,,,,,,,,,,,,,,,
9.3,9.8,19.1,__,__,__,9.3,9.8,19.1,Ziruk,,12,9.1,9.6,18.7,,,,9.1,9.6,18.7,,,,,,,,,,,,,,,,
5.9,6.4,12.3,__,__,__,5.9,6.4,12.3,Nika,,13,5.8,6.3,12.1,,,,5.8,6.3,12.1,,,,,,,,,,,,,,,,
16.7,17.7,34.4,__,__,__,16.7,17.7,34.4,Barmal,,14,16.4,17.4,33.8,,,,16.4,17.4,33.8,,,,,,,,,,,,,,,,
16.7,17.7,34.4,__,__,__,16.7,17.7,34.4,Giyan,,15,16.5,17.4,33.9,,,,16.5,17.4,33.9,,,,,,,,,,,,,,,,
12.1,12.8,24.9,__,__,__,12.1,12.8,24.9,DilaWa Khushamand,,16,11.9,12.6,24.5,,,,11.9,12.6,24.5,,,,,,,,,,,,,,,,
11.2,11.7,22.9,__,__,__,11.2,11.7,22.9,Wazakhwah,,17,11.0,11.5,22.5,,,,11.0,11.5,22.5,,,,,,,,,,,,,,,,
1.7,1.7,3.4,__,__,__,1.7,1.7,3.4,Wormamay,,18,1.7,1.7,3.4,,,,1.7,1.7,3.4,,,,,,,,,,,,,,,,
1.0,1.0,2.0,__,__,__,1.0,1.0,2.0,Turwo,,19,1.0,1.0,2.0,,,,1.0,1.0,2.0,,,,,,,,,,,,,,,,
,,,,,,,,,,,,,,,,,,,,,,,,,,,,,,,,,,,,
,,,,,,,,,,,,,,,,,,,,,,,,,,,,,,,,,,,,
,,,,,,,,,,,,,,,,,,,,,,,,,,,,,,,,,,,,
"Settled Population of Paktia province by Civil Division , Urban,  Rural  and Sex-2013-14",,,,,,,,,,,,,,,,,,,,,,,,,,,,,,,,,,,,
,,,,,,,,,,,,,,,,,,,,,,,,,,,,,,,,,,,,
 Figures in  Thousand,,,,,,,,,,Paktya Province,,,,,,,,,,,,,,,,,,,,,,,,,,
Rural,,,Urban,,,Total  Urban and  Rural,,,Minor Civil Division,,NO,,,,,,,,,,,,,,,,,,,,,,,,,
,,,,,,,,,,,,,,,,,,,,,,,,,,,,,,,,,,,,
,,,,,,,,,,,,,,,,,,,,,,,,,,,,,,,,,,,,
Female,Male,Both Sexes,Female,Male,Both Sexes,Female,Male,Both Sexes,,,,,,,,,,,,,,,,,,,,,,,,,,,,
,,,,,,,,,,,,,,,,,,,,,,,,,,,,,,,,,,,,
,,,,,,,,,,,,,,,,,,,,,,,,,,,,,,,,,,,,
249.4,260.9,510.3,11.6,12.1,23.7,261.0,273.0,534.0,Total,,,245.3,256.6,501.9,11.3,11.8,23.1,256.6,268.4,525.0,,,,,,,,,,,,,,,,
28.8,30.1,58.9,11.6,12.1,23.7,40.4,42.2,82.6,Paktya Center(Gardez),,01,28.3,29.6,57.9,11.3,11.8,23.1,39.6,41.4,81.0,,,,,,,,,,,,,,,,
13.7,13.8,27.5,__,__,__,13.7,13.8,27.5,Ahmadaba,,02,13.5,13.6,27.1,,,,13.5,13.6,27.1,,,,,,,,,,,,,,,,
51.9,54.4,106.3,__,__,__,51.9,54.4,106.3,Zurmat,,03,51.1,53.5,104.6,,,,51.1,53.5,104.6,,,,,,,,,,,,,,,,
2.7,2.8,5.5,__,__,__,2.7,2.8,5.5,Shwak,,04,2.6,2.7,5.3,,,,2.6,2.7,5.3,,,,,,,,,,,,,,,,
17.0,18.1,35.1,__,__,__,17.0,18.1,35.1,Wuza Zadran,,05,16.7,17.8,34.5,,,,16.7,17.8,34.5,,,,,,,,,,,,,,,,
26.8,28.2,55.0,__,__,__,26.8,28.2,55.0,Sayyid Karam,,06,30.4,32.1,62.5,,,,30.4,32.1,62.5,,,,,,,,,,,,,,,,
30.3,31.9,62.2,__,__,__,30.3,31.9,62.2,Jaji,,07,29.8,31.4,61.2,,,,29.8,31.4,61.2,,,,,,,,,,,,,,,,
10.9,11.6,22.5,__,__,__,10.9,11.6,22.5,Laja Ahmad khel,,08,10.7,11.4,22.1,,,,10.7,11.4,22.1,,,,,,,,,,,,,,,,
16.7,17.8,34.5,__,__,__,16.7,17.8,34.5,Jani Khel,,09,16.5,17.5,34.0,,,,16.5,17.5,34.0,,,,,,,,,,,,,,,,
24.5,24.9,49.4,__,__,__,24.5,24.9,49.4,Samkani,,10,24.1,24.4,48.5,,,,24.1,24.4,48.5,,,,,,,,,,,,,,,,
12.8,13.5,26.3,__,__,__,12.8,13.5,26.3,Dand Patan,,11,12.6,13.3,25.9,,,,12.6,13.3,25.9,,,,,,,,,,,,,,,,
9.2,9.4,18.6,__,__,__,9.2,9.4,18.6,laja mangel,,12*,9.0,9.3,18.3,,,,9.0,9.3,18.3,,,,,,,,,,,,,,,,
4.1,4.4,8.5,__,__,__,4.1,4.4,8.5,Mirzaka,,13*,,,,,,,,,,,,,,,,,,,,,,,,,
Laja Mangal and Mirzaka is temporary                 ,,,,,,,,,,,,,,,,,,,,,,,,,,,,,,,,,,,,
,,,,,,,,,,,,,,,,,,,,,,,,,,,,,,,,,,,,
,,,,,,,,,,,,,,,,,,,,,,,,,,,,,,,,,,,,
"Settled Population of Khost province by Civil Division , Urban,  Rural  and Sex-2013-14",,,,,,,,,,,,,,,,,,,,,,,,,,,,,,,,,,,,
,,,,,,,,,,,,,,,,,,,,,,,,,,,,,,,,,,,,
 Figures in  Thousand,,,,,,,,,,Khost Province,,,,,,,,,,,,,,,,,,,,,,,,,,
Rural,,,Urban,,,Total  Urban and  Rural,,,Minor Civil Division,,NO,,,,,,,,,,,,,,,,,,,,,,,,,
,,,,,,,,,,,,,,,,,,,,,,,,,,,,,,,,,,,,
,,,,,,,,,,,,,,,,,,,,,,,,,,,,,,,,,,,,
Female,Male,Both Sexes,Female,Male,Both Sexes,Female,Male,Both Sexes,,,,,,,,,,,,,,,,,,,,,,,,,,,,
,,,,,,,,,,,,,,,,,,,,,,,,,,,,,,,,,,,,
,,,,,,,,,,,,,,,,,,,,,,,,,,,,,,,,,,,,
265.9,278.9,544.8,5.4,5.8,11.2,271.3,284.7,556.0,Total,,,261.5,274.3,535.8,5.3,5.7,11.0,266.8,280.0,546.8,,,,,,,,,,,,,,,,
61.3,63.4,124.7,5.4,5.8,11.2,66.7,69.2,135.9,Khost Center(Khost),,01,60.3,62.4,122.7,5.3,5.7,11.0,65.6,68.1,133.7,,,,,,,,,,,,,,,,
27.1,28.7,55.8,__,__,__,27.1,28.7,55.8,Manduzay (Esmayel khil)             ,,02,26.6,28.2,54.8,,,,26.6,28.2,54.8,,,,,,,,,,,,,,,,
12.5,13.3,25.8,__,__,__,12.5,13.3,25.8,Gurbuz,,03,12.4,13.1,25.5,,,,12.4,13.1,25.5,,,,,,,,,,,,,,,,
28.9,30.0,58.9,__,__,__,28.9,30.0,58.9,Tanay,,04,28.5,29.5,58.0,,,,28.5,29.5,58.0,,,,,,,,,,,,,,,,
19.9,20.7,40.6,__,__,__,19.9,20.7,40.6,Musa khel,,05,19.5,20.3,39.8,,,,19.5,20.3,39.8,,,,,,,,,,,,,,,,
15.2,16.3,31.5,__,__,__,15.2,16.3,31.5,Nadir Shah kot,,06,15.0,16.0,31.0,,,,15.0,16.0,31.0,,,,,,,,,,,,,,,,
34.4,35.7,70.1,__,__,__,34.4,35.7,70.1,Sabari (Yaqubi),,07,33.8,35.1,68.9,,,,33.8,35.1,68.9,,,,,,,,,,,,,,,,
21.4,22.8,44.2,__,__,__,21.4,22.8,44.2,Tirzayee (Ali Sher ),,08,21.0,22.4,43.4,,,,21.0,22.4,43.4,,,,,,,,,,,,,,,,
10.7,11.1,21.8,__,__,__,10.7,11.1,21.8,Baak,,09,10.5,11.0,21.5,,,,10.5,11.0,21.5,,,,,,,,,,,,,,,,
4.9,5.2,10.1,__,__,__,4.9,5.2,10.1,Qalandar,,10,4.8,5.1,9.9,,,,4.8,5.1,9.9,,,,,,,,,,,,,,,,
11.6,12.4,24.0,__,__,__,11.6,12.4,24.0,Spera,,11,11.4,12.2,23.6,,,,11.4,12.2,23.6,,,,,,,,,,,,,,,,
6.5,7.0,13.5,__,__,__,6.5,7.0,13.5,Shamul,,12,6.4,6.9,13.3,,,,6.4,6.9,13.3,,,,,,,,,,,,,,,,
11.5,12.3,23.8,__,__,__,11.5,12.3,23.8,Jaji Maidan,,13,11.3,12.1,23.4,,,,11.3,12.1,23.4,,,,,,,,,,,,,,,,
,,,,,,,,,,,,,,,,,,,,,,,,,,,,,,,,,,,,
,,,,,,,,,,,,,,,,,,,,,,,,,,,,,,,,,,,,
,,,,,,,,,,,,,,,,,,,,,,,,,,,,,,,,,,,,
"Settled Population of Kunarha province by Civil Division , Urban,  Rural  and Sex-2013-14",,,,,,,,,,,,,,,,,,,,,,,,,,,,,,,,,,,,
,,,,,,,,,,,,,,,,,,,,,,,,,,,,,,,,,,,,
 Figures in  Thousand,,,,,,,,,,Kunarha Province,,,,,,,,,,,,,,,,,,,,,,,,,,
Rural,,,Urban,,,Total  Urban and  Rural,,,Minor Civil Division,,NO,,,,,,,,,,,,,,,,,,,,,,,,,
,,,,,,,,,,,,,,,,,,,,,,,,,,,,,,,,,,,,
,,,,,,,,,,,,,,,,,,,,,,,,,,,,,,,,,,,,
Female,Male,Both Sexes,Female,Male,Both Sexes,Female,Male,Both Sexes,,,,,,,,,,,,,,,,,,,,,,,,,,,,
,,,,,,,,,,,,,,,,,,,,,,,,,,,,,,,,,,,,
,,,,,,,,,,,,,,,,,,,,,,,,,,,,,,,,,,,,
206.4,216.3,422.7,6.4,6.9,13.3,212.8,223.2,436.0,Total,,,203.0,212.7,415.7,6.3,6.8,13.1,209.3,219.5,428.8,,,,,,,,,,,,,,,,
9.5,10.1,19.6,6.4,6.9,13.3,15.9,17.0,32.9,Kunarha Center (Asad Abad),,01,9.4,9.9,19.3,6.3,6.8,13.1,15.7,16.7,32.4,,,,,,,,,,,,,,,,
10.0,10.2,20.2,__,__,__,10.0,10.2,20.2,Mara wara,,02,9.8,10.1,19.9,,,,9.8,10.1,19.9,,,,,,,,,,,,,,,,
13.2,13.8,27.0,__,__,__,13.2,13.8,27.0,Watapoor,,03,13.0,13.6,26.6,,,,13.0,13.6,26.6,,,,,,,,,,,,,,,,
14.6,15.2,29.8,__,__,__,14.6,15.2,29.8,Narang Wa Badil,,04,14.4,15.0,29.4,,,,14.4,15.0,29.4,,,,,,,,,,,,,,,,
13.2,13.7,26.9,__,__,__,13.2,13.7,26.9,Sar Kani,,05,13.0,13.5,26.5,,,,13.0,13.5,26.5,,,,,,,,,,,,,,,,
14.2,14.8,29.0,__,__,__,14.2,14.8,29.0,Shigal Wa Sheltan,,06,14.0,14.5,28.5,,,,14.0,14.5,28.5,,,,,,,,,,,,,,,,
26.3,27.7,54.0,__,__,__,26.3,27.7,54.0,Dara-e- Pech,,07,25.8,27.3,53.1,,,,25.8,27.3,53.1,,,,,,,,,,,,,,,,
10.7,11.0,21.7,__,__,__,10.7,11.0,21.7,Bar Kunar,,08,10.5,10.8,21.3,,,,10.5,10.8,21.3,,,,,,,,,,,,,,,,
17.2,18.1,35.3,__,__,__,17.2,18.1,35.3,Sawkai,,09,16.9,17.8,34.7,,,,16.9,17.8,34.7,,,,,,,,,,,,,,,,
17.1,17.5,34.6,__,__,__,17.1,17.5,34.6,Khas Kunar   ,,10,16.8,17.2,34.0,,,,16.8,17.2,34.0,,,,,,,,,,,,,,,,
9.1,9.4,18.5,__,__,__,9.1,9.4,18.5,Ghazi Abad,,11,8.9,9.3,18.2,,,,8.9,9.3,18.2,,,,,,,,,,,,,,,,
8.1,8.6,16.7,__,__,__,8.1,8.6,16.7,Dangam,,12,8.0,8.5,16.5,,,,8.0,8.5,16.5,,,,,,,,,,,,,,,,
14.9,15.8,30.7,__,__,__,14.9,15.8,30.7,Chapa Dara,,13,14.6,15.5,30.1,,,,14.6,15.5,30.1,,,,,,,,,,,,,,,,
15.1,16.4,31.5,__,__,__,15.1,16.4,31.5,Noorgal,,14,14.9,15.9,30.8,,,,14.9,15.9,30.8,,,,,,,,,,,,,,,,
13.2,14.0,27.2,__,__,__,13.2,14.0,27.2,Nari,,15,13.0,13.8,26.8,,,,13.0,13.8,26.8,,,,,,,,,,,,,,,,
,,,,,,,,,,,,,,,,,,,,,,,,,,,,,,,,,,,,
,,,,,,,,,,,,,,,,,,,,,,,,,,,,,,,,,,,,
,,,,,,,,,,,,,,,,,,,,,,,,,,,,,,,,,,,,
"Settled Population of Nooristan province by Civil Division , Urban,  Rural  and Sex-2013-14",,,,,,,,,,,,,,,,,,,,,,,,,,,,,,,,,,,,
,,,,,,,,,,,,,,,,,,,,,,,,,,,,,,,,,,,,
 Figures in  Thousand,,,,,,,,,,Nooristan Province,,,,,,,,,,,,,,,,,,,,,,,,,,
Rural,,,Urban,,,Total  Urban and  Rural,,,Minor Civil Division,,NO,,,,,,,,,,,,,,,,,,,,,,,,,
,,,,,,,,,,,,,,,,,,,,,,,,,,,,,,,,,,,,
,,,,,,,,,,,,,,,,,,,,,,,,,,,,,,,,,,,,
Female,Male,Both Sexes,Female,Male,Both Sexes,Female,Male,Both Sexes,,,,,,,,,,,,,,,,,,,,,,,,,,,,
,,,,,,,,,,,,,,,,,,,,,,,,,,,,,,,,,,,,
,,,,,,,,,,,,,,,,,,,,,,,,,,,,,,,,,,,,
70.1,73.1,143.2,__,__,__,70.1,73.1,143.2,Total,,,69.0,71.9,140.9,,,,69.0,71.9,140.9,,,,,,,,,,,,,,,,
6.5,6.9,13.4,__,__,__,6.5,6.9,13.4,Nooristan Center (Paroon),,01,6.4,6.8,13.2,,,,6.4,6.8,13.2,,,,,,,,,,,,,,,,
9.2,10.2,19.4,__,__,__,9.2,10.2,19.4,Waygal,,02,9.0,10.1,19.1,,,,9.0,10.1,19.1,,,,,,,,,,,,,,,,
5.3,5.6,10.9,__,__,__,5.3,5.6,10.9,Wama,,03,5.3,5.5,10.8,,,,5.3,5.5,10.8,,,,,,,,,,,,,,,,
15.6,16.4,32.0,__,__,__,15.6,16.4,32.0,Noor Gram,,04,15.3,16.1,31.4,,,,15.3,16.1,31.4,,,,,,,,,,,,,,,,
3.9,3.8,7.7,__,__,__,3.9,3.8,7.7,Duab,,05,3.9,3.8,7.7,,,,3.9,3.8,7.7,,,,,,,,,,,,,,,,
12.5,12.4,24.9,__,__,__,12.5,12.4,24.9,Kamdesh,,06,12.3,12.2,24.5,,,,12.3,12.2,24.5,,,,,,,,,,,,,,,,
9.4,10.1,19.5,__,__,__,9.4,10.1,19.5,Mandol,,07,9.3,9.9,19.2,,,,9.3,9.9,19.2,,,,,,,,,,,,,,,,
7.7,7.7,15.4,__,__,__,7.7,7.7,15.4,Bargi Matal,,08,7.5,7.5,15.0,,,,7.5,7.5,15.0,,,,,,,,,,,,,,,,
,,,,,,,,,,,,,,,,,,,,,,,,,,,,,,,,,,,,
,,,,,,,,,,,,,,,,,,,,,,,,,,,,,,,,,,,,
,,,,,,,,,,,,,,,,,,,,,,,,,,,,,,,,,,,,
"Settled Population of Badakhshan province by Civil Division , Urban,  Rural  and Sex-2013-14",,,,,,,,,,,,,,,,,,,,,,,,,,,,,,,,,,,,
,,,,,,,,,,,,,,,,,,,,,,,,,,,,,,,,,,,,
 Figures in  Thousand,,,,,,,,,,Badakhshan Province,,,,,,,,,,,,,,,,,,,,,,,,,,
Rural,,,Urban,,,Total  Urban and  Rural,,,Minor Civil Division,,NO,,,,,,,,,,,,,,,,,,,,,,,,,
,,,,,,,,,,,,,,,,,,,,,,,,,,,,,,,,,,,,
,,,,,,,,,,,,,,,,,,,,,,,,,,,,,,,,,,,,
Female,Male,Both Sexes,Female,Male,Both Sexes,Female,Male,Both Sexes,,,,,,,,,,,,,,,,,,,,,,,,,,,,
,,,,,,,,,,,,,,,,,,,,,,,,,,,,,,,,,,,,
,,,,,,,,,,,,,,,,,,,,,,,,,,,,,,,,,,,,
433.7,450.3,884.0,17.5,18.4,35.9,451.2,468.7,919.9,Total,,,361.3,374.7,736.0,15.4,16.2,31.6,376.7,390.9,767.6,,,,,,,,,,,,,,,,
16.6,17.1,33.7,15.8,16.5,32.3,32.4,33.6,66.0,Badakhshan center (Faiz Abad),,01,16.3,16.8,33.1,15.4,16.2,31.6,31.7,33.0,64.7,,,,,,,,,,,,,,,,
37.6,39.8,77.4,__,__,__,37.6,39.8,77.4,Argo,,02,37.0,39.2,76.2,,,,37.0,39.2,76.2,,,,,,,,,,,,,,,,
7.9,8.0,15.9,__,__,__,7.9,8.0,15.9,Arghanj Khwah,,03,7.7,7.9,15.6,,,,7.7,7.9,15.6,,,,,,,,,,,,,,,,
25.9,26.2,52.1,__,__,__,25.9,26.2,52.1,Yaftal-e-Sufla,,04,25.5,25.8,51.3,,,,25.5,25.8,51.3,,,,,,,,,,,,,,,,
18.5,19.2,37.7,__,__,__,18.5,19.2,37.7,Khash,,05,18.2,18.8,37.0,,,,18.2,18.8,37.0,,,,,,,,,,,,,,,,
14.2,14.3,28.5,__,__,__,14.2,14.3,28.5,Baharak,,06,13.9,14.1,28.0,,,,13.9,14.1,28.0,,,,,,,,,,,,,,,,
30.0,30.9,60.9,__,__,__,30.0,30.9,60.9,Darayim,,07,29.5,30.4,59.9,,,,29.5,30.4,59.9,,,,,,,,,,,,,,,,
7.9,8.5,16.4,__,__,__,7.9,8.5,16.4,Kohistan,,08,7.8,8.3,16.1,,,,7.8,8.3,16.1,,,,,,,,,,,,,,,,
15.6,16.5,32.1,__,__,__,15.6,16.5,32.1,Yawan,,09,15.3,16.2,31.5,,,,15.3,16.2,31.5,,,,,,,,,,,,,,,,
16.6,17.0,33.6,1.7,1.9,3.6,18.3,18.9,37.2,Jurm,,10,,,,,,,,,,,,,,,,,,,,,,,,,
14.3,15.2,29.5,__,__,__,14.3,15.2,29.5,Tashkan,,11,14.1,15.0,29.1,,,,14.1,15.0,29.1,,,,,,,,,,,,,,,,
16.6,17.5,34.1,__,__,__,16.6,17.5,34.1,Shuhada,,12,16.3,17.3,33.6,,,,16.3,17.3,33.6,,,,,,,,,,,,,,,,
25.6,26.1,51.7,__,__,__,25.6,26.1,51.7,Shahri Buzurg,,13,25.1,25.7,50.8,,,,25.1,25.7,50.8,,,,,,,,,,,,,,,,
19.0,20.1,39.1,__,__,__,19.0,20.1,39.1,Raghistan,,14,18.7,19.8,38.5,,,,18.7,19.8,38.5,,,,,,,,,,,,,,,,
,,,,,,,,,,,,,,,,,,,,,,,,,,,,,,,,,,,,
,,,,,,,,,,,,,,,,,,,,,,,,,,,,,,,,,,,,
,,,,,,,,,,,,,,,,,,,,,,,,,,,,,,,,,,,,
"Settled Population of Badakhshan province by Civil Division , Urban,  Rural  and Sex-2013-14",,,,,,,,,,,,,,,,,,,,,,,,,,,,,,,,,,,,
... ( contd. ),,,,,,,,,,,,,,,,,,,,,,,,,,,,,,,,,,,,
,,,,,,,,,,,,,,,,,,,,,,,,,,,,,,,,,,,,
 Figures in  Thousand,,,,,,,,,,Badakhshan Province,,,,,,,,,,,,,,,,,,,,,,,,,,
Rural,,,Urban,,,Total  Urban and  Rural,,,Minor Civil Division,,NO,,,,,,,,,,,,,,,,,,,,,,,,,
,,,,,,,,,,,,,,,,,,,,,,,,,,,,,,,,,,,,
,,,,,,,,,,,,,,,,,,,,,,,,,,,,,,,,,,,,
Female,Male,Both Sexes,Female,Male,Both Sexes,Female,Male,Both Sexes,,,,,,,,,,,,,,,,,,,,,,,,,,,,
,,,,,,,,,,,,,,,,,,,,,,,,,,,,,,,,,,,,
,,,,,,,,,,,,,,,,,,,,,,,,,,,,,,,,,,,,
39.0,40.9,79.9,__,__,__,39.0,40.9,79.9,Kishm,,15,38.4,40.2,78.6,,,,38.4,40.2,78.6,,,,,,,,,,,,,,,,
10.6,11.0,21.6,__,__,__,10.6,11.0,21.6,Wardooj,,16,,,,,,,,,,,,,,,,,,,,,,,,,
13.6,14.2,27.8,__,__,__,13.6,14.2,27.8,Tagab,,17,,,,,,,,,,,,,,,,,,,,,,,,,
12.3,13.1,25.4,__,__,__,12.3,13.1,25.4,Yamgan(Girwan),,18,,,,,,,,,,,,,,,,,,,,,,,,,
13.4,14.2,27.6,__,__,__,13.4,14.2,27.6,Shighnan,,19,,,,,,,,,,,,,,,,,,,,,,,,,
8.1,8.2,16.3,__,__,__,8.1,8.2,16.3,Khwahan,,20,8.0,8.1,16.1,,,,8.0,8.1,16.1,,,,,,,,,,,,,,,,
11.0,11.0,22.0,__,__,__,11.0,11.0,22.0,Kufab,,21,10.9,10.9,21.8,,,,10.9,10.9,21.8,,,,,,,,,,,,,,,,
12.9,13.2,26.1,__,__,__,12.9,13.2,26.1,Darwaz-e- Payin (Mamay),,22,12.7,13.0,25.7,,,,12.7,13.0,25.7,,,,,,,,,,,,,,,,
6.7,7.0,13.7,__,__,__,6.7,7.0,13.7,Eshkashim,,23,6.6,6.9,13.5,,,,6.6,6.9,13.5,,,,,,,,,,,,,,,,
12.9,13.1,26.0,__,__,__,12.9,13.1,26.0,Shiki,,24,12.7,12.9,25.6,,,,12.7,12.9,25.6,,,,,,,,,,,,,,,,
3.7,4.1,7.8,__,__,__,3.7,4.1,7.8,Zebak,,25,3.7,4.0,7.7,,,,3.7,4.0,7.7,,,,,,,,,,,,,,,,
4.6,4.8,9.4,__,__,__,4.6,4.8,9.4,Kiran Wa Menjan,,26,4.6,4.7,9.3,,,,4.6,4.7,9.3,,,,,,,,,,,,,,,,
11.4,11.5,22.9,__,__,__,11.4,11.5,22.9,Darwaz-e- Bala ( Nesay),,27,11.2,11.3,22.5,,,,11.2,11.3,22.5,,,,,,,,,,,,,,,,
7.2,7.6,14.8,__,__,__,7.2,7.6,14.8,Wakhan,,28,7.1,7.4,14.5,,,,7.1,7.4,14.5,,,,,,,,,,,,,,,,
,,,,,,,,,,,,,,,,,,,,,,,,,,,,,,,,,,,,
,,,,,,,,,,,,,,,,,,,,,,,,,,,,,,,,,,,,
,,,,,,,,,,,,,,,,,,,,,,,,,,,,,,,,,,,,
"Settled Population of Takhar province by Civil Division , Urban,  Rural  and Sex-2013-14",,,,,,,,,,,,,,,,,,,,,,,,,,,,,,,,,,,,
,,,,,,,,,,,,,,,,,,,,,,,,,,,,,,,,,,,,
 Figures in  Thousand,,,,,,,,,,Takhar Province,,,,,,,,,,,,,,,,,,,,,,,,,,
Rural,,,Urban,,,Total  Urban and  Rural,,,Minor Civil Division,,NO,,,,,,,,,,,,,,,,,,,,,,,,,
,,,,,,,,,,,,,,,,,,,,,,,,,,,,,,,,,,,,
,,,,,,,,,,,,,,,,,,,,,,,,,,,,,,,,,,,,
Female,Male,Both Sexes,Female,Male,Both Sexes,Female,Male,Both Sexes,,,,,,,,,,,,,,,,,,,,,,,,,,,,
,,,,,,,,,,,,,,,,,,,,,,,,,,,,,,,,,,,,
,,,,,,,,,,,,,,,,,,,,,,,,,,,,,,,,,,,,
404.3,421.4,825.7,61.2,63.2,124.4,465.5,484.6,950.1,Total,,,397.7,414.5,812.2,59.8,61.7,121.5,457.5,476.2,933.7,,,,,,,,,,,,,,,,
74.7,78.2,152.9,34.8,35.4,70.2,109.5,113.6,223.1,Takhar  Center (Taluqan),,01,73.5,76.9,150.4,34.0,34.6,68.6,107.5,111.5,219.0,,,,,,,,,,,,,,,,
6.6,7.0,13.6,__,__,__,6.6,7.0,13.6,Hazar Sumuch,,02,6.5,6.9,13.4,,,,6.5,6.9,13.4,,,,,,,,,,,,,,,,
15.0,15.6,30.6,__,__,__,15.0,15.6,30.6,Baharak,,03,14.7,15.3,30.0,,,,14.7,15.3,30.0,,,,,,,,,,,,,,,,
17.2,17.5,34.7,__,__,__,17.2,17.5,34.7,Bangi,,04,16.9,17.2,34.1,,,,16.9,17.2,34.1,,,,,,,,,,,,,,,,
13.5,14.4,27.9,__,__,__,13.5,14.4,27.9,Chal,,05,13.3,14.2,27.5,,,,13.3,14.2,27.5,,,,,,,,,,,,,,,,
5.9,6.1,12.0,__,__,__,5.9,6.1,12.0,Namak Ab,,06,5.8,6.1,11.9,,,,5.8,6.1,11.9,,,,,,,,,,,,,,,,
17.3,17.5,34.8,__,__,__,17.3,17.5,34.8,Kalafgan,,07,17.0,17.2,34.2,,,,17.0,17.2,34.2,,,,,,,,,,,,,,,,
21.4,22.3,43.7,1.4,1.2,2.6,22.8,23.5,46.3,Farkhar,,08,21.0,21.9,42.9,1.3,1.2,2.5,22.3,23.1,45.4,,,,,,,,,,,,,,,,
29.1,30.3,59.4,3.3,3.5,6.8,32.4,33.8,66.2,Khwaja Ghar,,09,28.7,29.8,58.5,3.3,3.4,6.7,32.0,33.2,65.2,,,,,,,,,,,,,,,,
72.9,76.8,149.7,6.1,6.4,12.5,79.0,83.2,162.2,Rustaq,,10,71.8,75.5,147.3,5.9,6.2,12.1,77.7,81.7,159.4,,,,,,,,,,,,,,,,
28.8,29.5,58.3,__,__,__,28.8,29.5,58.3,Eshkamesh,,11,28.3,29.0,57.3,,,,28.3,29.0,57.3,,,,,,,,,,,,,,,,
15.6,16.0,31.6,__,__,__,15.6,16.0,31.6,Dashti Qala,,12,15.3,15.8,31.1,,,,15.3,15.8,31.1,,,,,,,,,,,,,,,,
18.2,19.3,37.5,__,__,__,18.2,19.3,37.5,Warsaj,,13,17.9,19.0,36.9,,,,17.9,19.0,36.9,,,,,,,,,,,,,,,,
11.5,11.5,23.0,__,__,__,11.5,11.5,23.0,Khwaja Bahawuddin,,14,11.3,11.3,22.6,,,,11.3,11.3,22.6,,,,,,,,,,,,,,,,
12.8,13.8,26.6,__,__,__,12.8,13.8,26.6,Darqad,,15,12.6,13.6,26.2,,,,12.6,13.6,26.2,,,,,,,,,,,,,,,,
26.7,27.9,54.6,11.2,11.9,23.1,37.9,39.8,77.7,Chahab,,16,26.3,27.4,53.7,11.0,11.6,22.6,37.3,39.0,76.3,,,,,,,,,,,,,,,,
17.1,17.7,34.8,4.4,4.8,9.2,21.5,22.5,44.0,Yangi Qala,,17,16.8,17.4,34.2,4.3,4.7,9.0,21.1,22.1,43.2,,,,,,,,,,,,,,,,
,,,,,,,,,,,,,,,,,,,,,,,,,,,,,,,,,,,,
,,,,,,,,,,,,,,,,,,,,,,,,,,,,,,,,,,,,
,,,,,,,,,,,,,,,,,,,,,,,,,,,,,,,,,,,,
"Settled Population of Kunduz province by Civil Division , Urban,  Rural  and Sex-2013-14",,,,,,,,,,,,,,,,,,,,,,,,,,,,,,,,,,,,
,,,,,,,,,,,,,,,,,,,,,,,,,,,,,,,,,,,,
 Figures in  Thousand,,,,,,,,,,Kunduz Province,,,,,,,,,,,,,,,,,,,,,,,,,,
Rural,,,Urban,,,Total  Urban and  Rural,,,Minor Civil Division,,NO,,,,,,,,,,,,,,,,,,,,,,,,,
,,,,,,,,,,,,,,,,,,,,,,,,,,,,,,,,,,,,
,,,,,,,,,,,,,,,,,,,,,,,,,,,,,,,,,,,,
Female,Male,Both Sexes,Female,Male,Both Sexes,Female,Male,Both Sexes,,,,,,,,,,,,,,,,,,,,,,,,,,,,
,,,,,,,,,,,,,,,,,,,,,,,,,,,,,,,,,,,,
,,,,,,,,,,,,,,,,,,,,,,,,,,,,,,,,,,,,
359.0,369.6,728.6,118.4,125.2,243.6,477.4,494.8,972.2,Total,,,353.2,363.6,716.8,115.2,121.8,237.0,468.4,485.4,953.8,,,,,,,,,,,,,,,,
80.5,82.9,163.4,72.0,76.2,148.2,152.5,159.1,311.6,Kunduz Center (Kunduz),,01,79.2,81.6,160.8,69.9,73.9,143.8,149.1,155.5,304.6,,,,,,,,,,,,,,,,
35.7,36.9,72.6,__,__,__,35.7,36.9,72.6,Chahar Darah,,02,35.1,36.3,71.4,,,,35.1,36.3,71.4,,,,,,,,,,,,,,,,
23.0,23.6,46.6,__,__,__,23.0,23.6,46.6,Ali Abad,,03,22.6,23.2,45.8,,,,22.6,23.2,45.8,,,,,,,,,,,,,,,,
59.2,60.0,119.2,19.4,20.5,39.9,78.6,80.5,159.1,Khan Abad,,04,58.3,59.1,117.4,18.9,20.0,38.9,77.2,79.1,156.3,,,,,,,,,,,,,,,,
96.0,99.7,195.7,16.7,17.4,34.1,112.7,117.1,229.8,Hazrati Imam Sahib,,05,94.5,98.0,192.5,16.3,17.0,33.3,110.8,115.0,225.8,,,,,,,,,,,,,,,,
39.7,40.8,80.5,1.5,1.7,3.2,41.2,42.5,83.7,Dasht-e- Archi,,06,39.1,40.1,79.2,1.5,1.7,3.2,40.6,41.8,82.4,,,,,,,,,,,,,,,,
24.9,25.7,50.6,8.8,9.4,18.2,33.7,35.1,68.8,Qala -e-Zal,,07,24.4,25.3,49.7,8.6,9.2,17.8,33.0,34.5,67.5,,,,,,,,,,,,,,,,
,,,,,,,,,,,,,,,,,,,,,,,,,,,,,,,,,,,,
,,,,,,,,,,,,,,,,,,,,,,,,,,,,,,,,,,,,
,,,,,,,,,,,,,,,,,,,,,,,,,,,,,,,,,,,,
"Settled Population of Samangan province by Civil Division , Urban,  Rural  and Sex-2013-14",,,,,,,,,,,,,,,,,,,,,,,,,,,,,,,,,,,,
,,,,,,,,,,,,,,,,,,,,,,,,,,,,,,,,,,,,
 Figures in  Thousand,,,,,,,,,,Samangan Province,,,,,,,,,,,,,,,,,,,,,,,,,,
Rural,,,Urban,,,Total  Urban and  Rural,,,Minor Civil Division,,NO,,,,,,,,,,,,,,,,,,,,,,,,,
,,,,,,,,,,,,,,,,,,,,,,,,,,,,,,,,,,,,
,,,,,,,,,,,,,,,,,,,,,,,,,,,,,,,,,,,,
Female,Male,Both Sexes,Female,Male,Both Sexes,Female,Male,Both Sexes,,,,,,,,,,,,,,,,,,,,,,,,,,,,
,,,,,,,,,,,,,,,,,,,,,,,,,,,,,,,,,,,,
,,,,,,,,,,,,,,,,,,,,,,,,,,,,,,,,,,,,
168.9,177.8,346.7,14.2,14.2,28.4,183.1,192.0,375.1,Total,,,166.1,174.9,341.0,13.9,13.9,27.8,180.0,188.8,368.8,,,,,,,,,,,,,,,,
36.1,37.9,74.0,14.2,14.2,28.4,50.3,52.1,102.4,Samangan Center (Aybak)  ,,01,35.5,37.2,72.7,13.9,13.9,27.8,49.4,51.1,100.5,,,,,,,,,,,,,,,,
19.7,21.1,40.8,__,__,__,19.7,21.1,40.8,Hazrat -e-Sultan,,02,19.4,20.8,40.2,,,,19.4,20.8,40.2,,,,,,,,,,,,,,,,
19.3,20.1,39.4,__,__,__,19.3,20.1,39.4,Khuram Wa Sarbagh,,03,19.0,19.8,38.8,,,,19.0,19.8,38.8,,,,,,,,,,,,,,,,
6.3,6.6,12.9,__,__,__,6.3,6.6,12.9,Feroz  Nakhcheer,,04,6.2,6.5,12.7,,,,6.2,6.5,12.7,,,,,,,,,,,,,,,,
21.6,23.5,45.1,__,__,__,21.6,23.5,45.1,Rui- Do- Ab,,05,21.2,23.1,44.3,,,,21.2,23.1,44.3,,,,,,,,,,,,,,,,
34.3,36.3,70.6,__,__,__,34.3,36.3,70.6,Dara -e-soof-i-Payin,,06,33.7,35.7,69.4,,,,33.7,35.7,69.4,,,,,,,,,,,,,,,,
31.6,32.3,63.9,__,__,__,31.6,32.3,63.9,Dara -e-soof-e- Bala,,07,31.1,31.8,62.9,,,,31.1,31.8,62.9,,,,,,,,,,,,,,,,
,,,,,,,,,,,,,,,,,,,,,,,,,,,,,,,,,,,,
,,,,,,,,,,,,,,,,,,,,,,,,,,,,,,,,,,,,
,,,,,,,,,,,,,,,,,,,,,,,,,,,,,,,,,,,,
"Settled Population of Balkh province by Civil Division , Urban,  Rural  and Sex-2013-14",,,,,,,,,,,,,,,,,,,,,,,,,,,,,,,,,,,,
,,,,,,,,,,,,,,,,,,,,,,,,,,,,,,,,,,,,
 Figures in  Thousand,,,,,,,,,,Balkh Province,,,,,,,,,,,,,,,,,,,,,,,,,,
Rural,,,Urban,,,Total  Urban and  Rural,,,Minor Civil Division,,NO,,,,,,,,,,,,,,,,,,,,,,,,,
,,,,,,,,,,,,,,,,,,,,,,,,,,,,,,,,,,,,
,,,,,,,,,,,,,,,,,,,,,,,,,,,,,,,,,,,,
Female,Male,Both Sexes,Female,Male,Both Sexes,Female,Male,Both Sexes,,,,,,,,,,,,,,,,,,,,,,,,,,,,
,,,,,,,,,,,,,,,,,,,,,,,,,,,,,,,,,,,,
,,,,,,,,,,,,,,,,,,,,,,,,,,,,,,,,,,,,
395.6,412.4,808.0,225.4,237.9,463.3,621.0,650.3,1271.3,Total,,,389.2,405.7,794.9,219.1,231.1,450.2,608.3,636.8,1245.1,,,,,,,,,,,,,,,,
__,__,__,184.7,194.6,379.3,184.7,194.6,379.3,Balkh Center (Mazar-e- sharif),,01,,,0.0,179.3,188.8,368.1,179.3,188.8,368.1,,,,,,,,,,,,,,,,
21.7,22.6,44.3,__,__,__,21.7,22.6,44.3,Nahri Shahi,,02,21.4,22.3,43.7,,,,21.4,22.3,43.7,,,,,,,,,,,,,,,,
32.5,34.1,66.6,__,__,__,32.5,34.1,66.6,Dehdadi,,03,32.0,33.6,65.6,,,,32.0,33.6,65.6,,,,,,,,,,,,,,,,
21.4,22.5,43.9,__,__,__,21.4,22.5,43.9,Char kent,,04,21.0,22.2,43.2,,,,21.0,22.2,43.2,,,,,,,,,,,,,,,,
5.6,5.7,11.3,__,__,__,5.6,5.7,11.3,Marmul,,05,5.5,5.6,11.1,,,,5.5,5.6,11.1,,,,,,,,,,,,,,,,
50.8,52.5,103.3,7.3,7.8,15.1,58.1,60.3,118.4,Balkh,,06,50.0,51.6,101.6,7.1,7.6,14.7,57.1,59.2,116.3,,,,,,,,,,,,,,,,
50.1,52.4,102.5,4.9,5.2,10.1,55.0,57.6,112.6,Sholgara,,07,49.2,51.5,100.7,4.8,5.1,9.9,54.0,56.6,110.6,,,,,,,,,,,,,,,,
44.5,46.1,90.6,__,__,__,44.5,46.1,90.6,Chimtal,,08,43.8,45.4,89.2,,,0.0,43.8,45.4,89.2,,,,,,,,,,,,,,,,
45.5,47.6,93.1,5.1,5.4,10.5,50.6,53.0,103.6,Dawlat Abad,,09,44.8,46.8,91.6,5.0,5.3,10.3,49.8,52.1,101.9,,,,,,,,,,,,,,,,
10.8,11.3,22.1,23.4,24.9,48.3,34.2,36.2,70.4,Khulm,,10,10.6,11.1,21.7,22.9,24.3,47.2,33.5,35.4,68.9,,,,,,,,,,,,,,,,
39.3,40.8,80.1,__,__,__,39.3,40.8,80.1,Char Bolak,,11,38.6,40.1,78.7,,,,38.6,40.1,78.7,,,,,,,,,,,,,,,,
19.0,20.1,39.1,__,__,__,19.0,20.1,39.1,Shortepa,,12,18.7,19.8,38.5,,,,18.7,19.8,38.5,,,,,,,,,,,,,,,,
9.6,10.1,19.7,__,__,__,9.6,10.1,19.7,Kaldar,,13,9.5,9.9,19.4,,,,9.5,9.9,19.4,,,,,,,,,,,,,,,,
23.6,24.5,48.1,__,__,__,23.6,24.5,48.1,Kishindeh,,14,23.2,24.1,47.3,,,,23.2,24.1,47.3,,,,,,,,,,,,,,,,
21.2,22.1,43.3,__,__,__,21.2,22.1,43.3,Zari,,15,20.9,21.7,42.6,,,,20.9,21.7,42.6,,,,,,,,,,,,,,,,
,,,,,,,,,,,,,,,,,,,,,,,,,,,,,,,,,,,,
,,,,,,,,,,,,,,,,,,,,,,,,,,,,,,,,,,,,
,,,,,,,,,,,,,,,,,,,,,,,,,,,,,,,,,,,,
"Settled Population of Sar-e-pul province by Civil Division , Urban,  Rural  and Sex-2013-14",,,,,,,,,,,,,,,,,,,,,,,,,,,,,,,,,,,,
,,,,,,,,,,,,,,,,,,,,,,,,,,,,,,,,,,,,
 Figures in  Thousand,,,,,,,,,,Saripul Province,,,,,,,,,,,,,,,,,,,,,,,,,,
Rural,,,Urban,,,Total  Urban and  Rural,,,Minor Civil Division,,NO,,,,,,,,,,,,,,,,,,,,,,,,,
,,,,,,,,,,,,,,,,,,,,,,,,,,,,,,,,,,,,
,,,,,,,,,,,,,,,,,,,,,,,,,,,,,,,,,,,,
Female,Male,Both Sexes,Female,Male,Both Sexes,Female,Male,Both Sexes,,,,,,,,,,,,,,,,,,,,,,,,,,,,
,,,,,,,,,,,,,,,,,,,,,,,,,,,,,,,,,,,,
,,,,,,,,,,,,,,,,,,,,,,,,,,,,,,,,,,,,
243.8,255.4,499.2,20.2,21.6,41.8,264.0,277.0,541.0,Total,,,239.8,251.3,491.1,19.8,21.1,40.9,259.6,272.4,532.0,,,,,,,,,,,,,,,,
60.3,63.6,123.9,14.3,15.2,29.5,74.6,78.8,153.4,Saripul Center (Sar-e-Pul),,01,59.3,62.6,121.9,14.0,14.8,28.8,73.3,77.4,150.7,,,,,,,,,,,,,,,,
26.0,27.9,53.9,__,__,__,26.0,27.9,53.9,Sayyad,,02,25.6,27.4,53.0,,,,25.6,27.4,53.0,,,,,,,,,,,,,,,,
38.6,40.5,79.1,__,__,__,38.6,40.5,79.1,Kohistanat,,03,37.9,39.9,77.8,,,,37.9,39.9,77.8,,,,,,,,,,,,,,,,
24.0,24.9,48.9,__,__,__,24.0,24.9,48.9,Sozma Qala,,04,23.6,24.5,48.1,,,,23.6,24.5,48.1,,,,,,,,,,,,,,,,
42.3,45.4,87.7,5.9,6.4,12.3,48.2,51.8,100.0,Sancharak,,05,41.6,44.7,86.3,5.8,6.3,12.1,47.4,51.0,98.4,,,,,,,,,,,,,,,,
28.4,27.5,55.9,__,__,__,28.4,27.5,55.9,Gosfandi,,06,28.0,27.1,55.1,,,,28.0,27.1,55.1,,,,,,,,,,,,,,,,
24.2,25.6,49.8,__,__,__,24.2,25.6,49.8,Balkhab,,07,23.8,25.1,48.9,,,,23.8,25.1,48.9,,,,,,,,,,,,,,,,
,,,,,,,,,,,,,,,,,,,,,,,,,,,,,,,,,,,,
,,,,,,,,,,,,,,,,,,,,,,,,,,,,,,,,,,,,
,,,,,,,,,,,,,,,,,,,,,,,,,,,,,,,,,,,,
"Settled Population of Ghor province by Civil Division , Urban,  Rural  and Sex-2013-14",,,,,,,,,,,,,,,,,,,,,,,,,,,,,,,,,,,,
,,,,,,,,,,,,,,,,,,,,,,,,,,,,,,,,,,,,
 Figures in  Thousand,,,,,,,,,,Ghor Province,,,,,,,,,,,,,,,,,,,,,,,,,,
Rural,,,Urban,,,Total  Urban and  Rural,,,Minor Civil Division,,NO,,,,,,,,,,,,,,,,,,,,,,,,,
,,,,,,,,,,,,,,,,,,,,,,,,,,,,,,,,,,,,
,,,,,,,,,,,,,,,,,,,,,,,,,,,,,,,,,,,,
Female,Male,Both Sexes,Female,Male,Both Sexes,Female,Male,Both Sexes,,,,,,,,,,,,,,,,,,,,,,,,,,,,
,,,,,,,,,,,,,,,,,,,,,,,,,,,,,,,,,,,,
,,,,,,,,,,,,,,,,,,,,,,,,,,,,,,,,,,,,
323.5,337.8,661.3,3.3,3.4,6.7,326.8,341.2,668.0,Total,,,318.2,332.3,650.5,3.3,3.4,6.7,321.5,335.7,657.2,,,,,,,,,,,,,,,,
62.7,64.5,127.2,3.3,3.4,6.7,66.0,67.9,133.9,Ghor  Center (Chighcheran),,01,61.7,63.4,125.1,3.3,3.4,6.7,65.0,66.8,131.8,,,,,,,,,,,,,,,,
17.5,18.1,35.6,__,__,__,17.5,18.1,35.6,Duleena,,02,17.3,17.8,35.1,,,,17.3,17.8,35.1,,,,,,,,,,,,,,,,
16.0,16.3,32.3,__,__,__,16.0,16.3,32.3,Dawlatyar,,03,15.8,16.0,31.8,,,,15.8,16.0,31.8,,,,,,,,,,,,,,,,
13.3,13.8,27.1,__,__,__,13.3,13.8,27.1,Char Sada,,04,13.0,13.6,26.6,,,,13.0,13.6,26.6,,,,,,,,,,,,,,,,
45.8,48.0,93.8,__,__,__,45.8,48.0,93.8,Pasaband,,05,45.0,47.2,92.2,,,,45.0,47.2,92.2,,,,,,,,,,,,,,,,
28.6,30.5,59.1,__,__,__,28.6,30.5,59.1,Shahrak,,06,28.1,30.1,58.2,,,,28.1,30.1,58.2,,,,,,,,,,,,,,,,
54.9,55.8,110.7,__,__,__,54.9,55.8,110.7,Lal Wa SarJangal,,07,54.1,54.8,108.9,,,,54.1,54.8,108.9,,,,,,,,,,,,,,,,
43.6,46.8,90.4,__,__,__,43.6,46.8,90.4,Taywara,,08,42.8,46.1,88.9,,,,42.8,46.1,88.9,,,,,,,,,,,,,,,,
24.6,26.2,50.8,__,__,__,24.6,26.2,50.8,Tulak,,09,24.2,25.8,50.0,,,,24.2,25.8,50.0,,,,,,,,,,,,,,,,
16.5,17.8,34.3,__,__,__,16.5,17.8,34.3,Saghar,,10,16.2,17.5,33.7,,,,16.2,17.5,33.7,,,,,,,,,,,,,,,,
,,,,,,,,,,,,,,,,,,,,,,,,,,,,,,,,,,,,
,,,,,,,,,,,,,,,,,,,,,,,,,,,,,,,,,,,,
,,,,,,,,,,,,,,,,,,,,,,,,,,,,,,,,,,,,
"Settled Population of Daykundi province by Civil Division , Urban,  Rural  and Sex-2013-14",,,,,,,,,,,,,,,,,,,,,,,,,,,,,,,,,,,,
,,,,,,,,,,,,,,,,,,,,,,,,,,,,,,,,,,,,
 Figures in  Thousand,,,,,,,,,,Daykundi Province,,,,,,,,,,,,,,,,,,,,,,,,,,
Rural,,,Urban,,,Total  Urban and  Rural,,,Minor Civil Division,,NO,,,,,,,,,,,,,,,,,,,,,,,,,
,,,,,,,,,,,,,,,,,,,,,,,,,,,,,,,,,,,,
,,,,,,,,,,,,,,,,,,,,,,,,,,,,,,,,,,,,
Female,Male,Both Sexes,Female,Male,Both Sexes,Female,Male,Both Sexes,,,,,,,,,,,,,,,,,,,,,,,,,,,,
,,,,,,,,,,,,,,,,,,,,,,,,,,,,,,,,,,,,
,,,,,,,,,,,,,,,,,,,,,,,,,,,,,,,,,,,,
199.8,211.0,410.8,__,__,__,199.8,211.0,410.8,Total,,,211.6,223.4,435.0,1.7,1.8,3.5,213.3,225.2,438.5,,,,,,,,,,,,,,,,
19.6,20.7,40.3,__,__,__,19.6,20.7,40.3,Daykundi Center (Nili),,01,19.3,20.3,39.6,,,,19.3,20.3,39.6,,,,,,,,,,,,,,,,
31.9,33.8,65.7,__,__,__,31.9,33.8,65.7,Shahristan,,02,31.4,33.2,64.6,,,,31.4,33.2,64.6,,,,,,,,,,,,,,,,
22.9,24.1,47.0,__,__,__,22.9,24.1,47.0,Ishterlai,,03,30.3,32.0,62.3,1.7,1.8,3.5,32.0,33.8,65.8,,,,,,,,,,,,,,,,
22.4,23.7,46.1,__,__,__,22.4,23.7,46.1,Khedir,,04,22.5,23.8,46.3,,,,22.5,23.8,46.3,,,,,,,,,,,,,,,,
16.0,17.1,33.1,__,__,__,16.0,17.1,33.1,Giti,,05,22.0,23.3,45.3,,,,22.0,23.3,45.3,,,,,,,,,,,,,,,,
30.2,31.7,61.9,__,__,__,30.2,31.7,61.9,Miramor,,06,15.8,16.8,32.6,,,,15.8,16.8,32.6,,,,,,,,,,,,,,,,
24.4,25.7,50.1,__,__,__,24.4,25.7,50.1,Sang -e- Takht,,07,29.7,31.2,60.9,,,,29.7,31.2,60.9,,,,,,,,,,,,,,,,
16.9,17.8,34.7,__,__,__,16.9,17.8,34.7,Kejran,,08,24.0,25.3,49.3,,,,24.0,25.3,49.3,,,,,,,,,,,,,,,,
15.5,16.4,31.9,__,__,__,15.5,16.4,31.9,patoo,,09*,16.6,17.5,34.1,,,,16.6,17.5,34.1,,,,,,,,,,,,,,,,
Patoo District is temporary                                             ,,,,,,,,,,,,,*  ,,,,,,,,,,,,,,,,,,,,,,,
,,,,,,,,,,,,,,,,,,,,,,,,,,,,,,,,,,,,
,,,,,,,,,,,,,,,,,,,,,,,,,,,,,,,,,,,,
"Settled Population of Urozgan province by Civil Division , Urban,  Rural  and Sex-2013-14",,,,,,,,,,,,,,,,,,,,,,,,,,,,,,,,,,,,
,,,,,,,,,,,,,,,,,,,,,,,,,,,,,,,,,,,,
 Figures in  Thousand,,,,,,,,,,Urozgan Province,,,,,,,,,,,,,,,,,,,,,,,,,,
Rural,,,Urban,,,Total  Urban and  Rural,,,Minor Civil Division,,NO,,,,,,,,,,,,,,,,,,,,,,,,,
,,,,,,,,,,,,,,,,,,,,,,,,,,,,,,,,,,,,
,,,,,,,,,,,,,,,,,,,,,,,,,,,,,,,,,,,,
Female,Male,Both Sexes,Female,Male,Both Sexes,Female,Male,Both Sexes,,,,,,,,,,,,,,,,,,,,,,,,,,,,
,,,,,,,,,,,,,,,,,,,,,,,,,,,,,,,,,,,,
,,,,,,,,,,,,,,,,,,,,,,,,,,,,,,,,,,,,
175.0,185.7,360.7,6.5,6.9,13.4,181.5,192.6,374.1,Total,,,157.1,166.8,323.9,4.7,4.9,9.6,161.8,171.7,333.5,,,,,,,,,,,,,,,,
45.5,49.4,94.9,3.2,3.4,6.6,48.7,52.8,101.5,Urozgan Center (Tirinkot),,01,44.8,48.6,93.4,3.1,3.2,6.3,47.9,51.8,99.7,,,,,,,,,,,,,,,,
27.5,29.5,57.0,1.6,1.7,3.3,29.1,31.2,60.3,Dehraoud,,02,27.1,29.0,56.1,1.6,1.7,3.3,28.7,30.7,59.4,,,,,,,,,,,,,,,,
24.7,25.8,50.5,__,__,__,24.7,25.8,50.5,Chora,,03,24.3,25.4,49.7,,,,24.3,25.4,49.7,,,,,,,,,,,,,,,,
28.7,29.6,58.3,__,__,__,28.7,29.6,58.3,Shahidhassas,,04,28.2,29.1,57.3,,,,28.2,29.1,57.3,,,,,,,,,,,,,,,,
27.1,28.8,55.9,__,__,__,27.1,28.8,55.9,Khas Urozgan,,05,26.6,28.3,54.9,,,,26.6,28.3,54.9,,,,,,,,,,,,,,,,
15.3,16.1,31.4,1.7,1.8,3.5,17.0,17.9,34.9,Gizab,,06,,,,,,,,,,,,,,,,,,,,,,,,,
6.2,6.5,12.7,__,__,__,6.2,6.5,12.7,Chinarto,,07*,6.1,6.4,12.5,,,,6.1,6.4,12.5,,,,,,,,,,,,,,,,
Chinarto District is temporary                  ,,,,,,,,,,,,,,,,,,,,,,,,,,,,,,,,,,,,
,,,,,,,,,,,,,,,,,,,,,,,,,,,,,,,,,,,,
,,,,,,,,,,,,,,,,,,,,,,,,,,,,,,,,,,,,
"Settled Population of Zabul province by Civil Division , Urban,  Rural  and Sex-2013-14",,,,,,,,,,,,,,,,,,,,,,,,,,,,,,,,,,,,
,,,,,,,,,,,,,,,,,,,,,,,,,,,,,,,,,,,,
 Figures in  Thousand,,,,,,,,,,Zabul Province,,,,,,,,,,,,,,,,,,,,,,,,,,
Rural,,,Urban,,,Total  Urban and  Rural,,,Minor Civil Division,,NO,,,,,,,,,,,,,,,,,,,,,,,,,
,,,,,,,,,,,,,,,,,,,,,,,,,,,,,,,,,,,,
,,,,,,,,,,,,,,,,,,,,,,,,,,,,,,,,,,,,
Female,Male,Both Sexes,Female,Male,Both Sexes,Female,Male,Both Sexes,,,,,,,,,,,,,,,,,,,,,,,,,,,,
,,,,,,,,,,,,,,,,,,,,,,,,,,,,,,,,,,,,
,,,,,,,,,,,,,,,,,,,,,,,,,,,,,,,,,,,,
137.6,144.8,282.4,5.7,6.0,11.7,143.3,150.8,294.1,Total,,,135.4,142.5,277.9,5.5,5.9,11.4,140.9,148.4,289.3,,,,,,,,,,,,,,,,
11.4,11.8,23.2,5.7,6.0,11.7,17.1,17.8,34.9,Zabul Center (Qalat),,01,11.2,11.7,22.9,5.5,5.9,11.4,16.7,17.6,34.3,,,,,,,,,,,,,,,,
8.2,8.7,16.9,__,__,__,8.2,8.7,16.9,Tarang Wa Jaldak,,02,8.1,8.6,16.7,,,,8.1,8.6,16.7,,,,,,,,,,,,,,,,
11.3,12.0,23.3,__,__,__,11.3,12.0,23.3,Shinkai,,03,11.1,11.8,22.9,,,,11.1,11.8,22.9,,,,,,,,,,,,,,,,
6.6,7.0,13.6,__,__,__,6.6,7.0,13.6,Mizan,,04,6.5,6.9,13.4,,,,6.5,6.9,13.4,,,,,,,,,,,,,,,,
15.7,16.6,32.3,__,__,__,15.7,16.6,32.3,Arghandab,,05,15.4,16.3,31.7,,,,15.4,16.3,31.7,,,,,,,,,,,,,,,,
28.1,29.6,57.7,__,__,__,28.1,29.6,57.7,Shah Joi,,06,27.7,29.1,56.8,,,,27.7,29.1,56.8,,,,,,,,,,,,,,,,
19.0,19.9,38.9,__,__,__,19.0,19.9,38.9,Daichopan,,07,18.8,19.5,38.3,,,,18.8,19.5,38.3,,,,,,,,,,,,,,,,
4.2,4.4,8.6,__,__,__,4.2,4.4,8.6,Atghar,,08,4.1,4.3,8.4,,,,4.1,4.3,8.4,,,,,,,,,,,,,,,,
9.2,9.4,18.6,__,__,__,9.2,9.4,18.6,Naw Bahar,,09,9.0,9.3,18.3,,,,9.0,9.3,18.3,,,,,,,,,,,,,,,,
12.3,13.2,25.5,__,__,__,12.3,13.2,25.5,Shemel Zayi,,10,12.1,13.0,25.1,,,,12.1,13.0,25.1,,,,,,,,,,,,,,,,
11.6,12.2,23.8,__,__,__,11.6,12.2,23.8,Kakar (khak-e-afghan ),,11,11.4,12.0,23.4,,,,11.4,12.0,23.4,,,,,,,,,,,,,,,,
,,,,,,,,,,,,,,,,,,,,,,,,,,,,,,,,,,,,
,,,,,,,,,,,,,,,,,,,,,,,,,,,,,,,,,,,,
,,,,,,,,,,,,,,,,,,,,,,,,,,,,,,,,,,,,
"Settled Population of Kandahar province by Civil Division , Urban,  Rural  and Sex-2013-14",,,,,,,,,,,,,,,,,,,,,,,,,,,,,,,,,,,,
,,,,,,,,,,,,,,,,,,,,,,,,,,,,,,,,,,,,
 Figures in  Thousand,,,,,,,,,,Kandahar Province,,,,,,,,,,,,,,,,,,,,,,,,,,
Rural,,,Urban,,,Total  Urban and  Rural,,,Minor Civil Division,,NO,,,,,,,,,,,,,,,,,,,,,,,,,
,,,,,,,,,,,,,,,,,,,,,,,,,,,,,,,,,,,,
,,,,,,,,,,,,,,,,,,,,,,,,,,,,,,,,,,,,
Female,Male,Both Sexes,Female,Male,Both Sexes,Female,Male,Both Sexes,,,,,,,,,,,,,,,,,,,,,,,,,,,,
,,,,,,,,,,,,,,,,,,,,,,,,,,,,,,,,,,,,
,,,,,,,,,,,,,,,,,,,,,,,,,,,,,,,,,,,,
373.9,392.2,766.1,198.8,210.9,409.7,572.7,603.1,1175.8,Total,,,367.8,385.8,753.6,192.9,204.6,397.5,560.7,590.4,1151.1,,,,,,,,,,,,,,,,
46.5,49.1,95.6,198.8,210.9,409.7,245.3,260.0,505.3,Kandahar Center (Kandahar),,01,45.7,48.3,94.0,192.9,204.6,397.5,238.6,252.9,491.5,,,,,,,,,,,,,,,,
29.7,31.5,61.2,__,__,__,29.7,31.5,61.2,Arghandab,,02,29.2,31.0,60.2,,,,29.2,31.0,60.2,,,,,,,,,,,,,,,,
16.6,17.7,34.3,__,__,__,16.6,17.7,34.3,Daman,,03,16.3,17.4,33.7,,,,16.3,17.4,33.7,,,,,,,,,,,,,,,,
42.3,43.8,86.1,__,__,__,42.3,43.8,86.1,Panjwayee,,04,41.6,43.1,84.7,,,,41.6,43.1,84.7,,,,,,,,,,,,,,,,
41.4,43.4,84.8,__,__,__,41.4,43.4,84.8,Zhire,,05,40.7,42.7,83.4,,,,40.7,42.7,83.4,,,,,,,,,,,,,,,,
20.9,22.0,42.9,__,__,__,20.9,22.0,42.9,Shah Wali Kot,,06,20.6,21.6,42.2,,,,20.6,21.6,42.2,,,,,,,,,,,,,,,,
11.0,11.5,22.5,__,__,__,11.0,11.5,22.5,Khakrez,,07,10.9,11.3,22.2,,,,10.9,11.3,22.2,,,,,,,,,,,,,,,,
16.6,17.4,34.0,__,__,__,16.6,17.4,34.0,Arghistan,,08,16.3,17.1,33.4,,,,16.3,17.1,33.4,,,,,,,,,,,,,,,,
4.7,4.9,9.6,__,__,__,4.7,4.9,9.6,Ghorak,,09,4.6,4.8,9.4,,,,4.6,4.8,9.4,,,,,,,,,,,,,,,,
28.6,29.4,58.0,__,__,__,28.6,29.4,58.0,Maiwand,,10,28.1,28.9,57.0,,,,28.1,28.9,57.0,,,,,,,,,,,,,,,,
48.3,51.1,99.4,__,__,__,48.3,51.1,99.4,Spin Boldak,,11,47.5,50.3,97.8,,,,47.5,50.3,97.8,,,,,,,,,,,,,,,,
6.5,6.7,13.2,__,__,__,6.5,6.7,13.2,Nesh,,12,6.4,6.6,13.0,,,,6.4,6.6,13.0,,,,,,,,,,,,,,,,
7.2,7.7,14.9,__,__,__,7.2,7.7,14.9,Miyanishin,,13,7.1,7.5,14.6,,,,7.1,7.5,14.6,,,,,,,,,,,,,,,,
5.6,5.8,11.4,__,__,__,5.6,5.8,11.4,Shorabak,,14,5.5,5.7,11.2,,,,5.5,5.7,11.2,,,,,,,,,,,,,,,,
15.9,16.7,32.6,__,__,__,15.9,16.7,32.6,Maruf,,15,15.7,16.4,32.1,,,,15.7,16.4,32.1,,,,,,,,,,,,,,,,
4.3,4.5,8.8,__,__,__,4.3,4.5,8.8,Reg,,16,4.2,4.5,8.7,,,,4.2,4.5,8.7,,,,,,,,,,,,,,,,
21.8,22.5,44.3,__,__,__,21.8,22.5,44.3,Dand,,17*,21.5,22.2,43.7,,,,21.5,22.2,43.7,,,,,,,,,,,,,,,,
6.0,6.5,12.5,__,__,__,6.0,6.5,12.5,Takhta pul,,18*,5.9,6.4,12.3,,,,5.9,6.4,12.3,,,,,,,,,,,,,,,,
 Dand and takhta Pul Districts is temporary ,,,,,,,,,,,,,,,,,,,,,,,,,,,,,,,,,,,,
,,,,,,,,,,,,,,,,,,,,,,,,,,,,,,,,,,,,
,,,,,,,,,,,,,,,,,,,,,,,,,,,,,,,,,,,,
"Settled Population of Jawzjan province by Civil Division , Urban,  Rural  and Sex-2013-14",,,,,,,,,,,,,,,,,,,,,,,,,,,,,,,,,,,,
,,,,,,,,,,,,,,,,,,,,,,,,,,,,,,,,,,,,
 Figures in  Thousand,,,,,,,,,,Jawzjan Provicne,,,,,,,,,,,,,,,,,,,,,,,,,,
Rural,,,Urban,,,Total  Urban and  Rural,,,Minor Civil Division,,NO,,,,,,,,,,,,,,,,,,,,,,,,,
,,,,,,,,,,,,,,,,,,,,,,,,,,,,,,,,,,,,
,,,,,,,,,,,,,,,,,,,,,,,,,,,,,,,,,,,,
Female,Male,Both Sexes,Female,Male,Both Sexes,Female,Male,Both Sexes,,,,,,,,,,,,,,,,,,,,,,,,,,,,
,,,,,,,,,,,,,,,,,,,,,,,,,,,,,,,,,,,,
,,,,,,,,,,,,,,,,,,,,,,,,,,,,,,,,,,,,
201.4,208.8,410.2,54.7,56.5,111.2,256.1,265.3,521.4,Total,,,198.1,205.4,403.5,53.4,55.2,108.6,251.5,260.6,512.1,,,,,,,,,,,,,,,,
42.7,43.9,86.6,38.6,39.7,78.3,81.3,83.6,164.9,Jawzjan Center (Sheberghan),,01,42.0,43.2,85.2,37.7,38.8,76.5,79.7,82.0,161.7,,,,,,,,,,,,,,,,
13.0,13.6,26.6,__,__,__,13.0,13.6,26.6,Khwaja Dukoh,,02,12.8,13.4,26.2,,,,12.8,13.4,26.2,,,,,,,,,,,,,,,,
11.4,11.6,23.0,__,__,__,11.4,11.6,23.0,Khanaqa,,03,18.9,19.4,38.3,,,,18.9,19.4,38.3,,,,,,,,,,,,,,,,
20.7,21.7,42.4,__,__,__,20.7,21.7,42.4,Mingajik,,04,20.3,21.4,41.7,,,,20.3,21.4,41.7,,,,,,,,,,,,,,,,
11.4,11.8,23.2,__,__,__,11.4,11.8,23.2,Qush Tepa,,05,11.2,11.6,22.8,,,,11.2,11.6,22.8,,,,,,,,,,,,,,,,
6.7,7.1,13.8,__,__,__,6.7,7.1,13.8,Khamyab,,06,6.6,7.0,13.6,,,,6.6,7.0,13.6,,,,,,,,,,,,,,,,
25.4,26.4,51.8,11.5,12.0,23.5,36.9,38.4,75.3,Aqchah,,07,17.4,17.9,35.3,11.2,11.7,22.9,28.6,29.6,58.2,,,,,,,,,,,,,,,,
20.1,21.0,41.1,__,__,__,20.1,21.0,41.1,Faizabad                 ,,08,19.8,20.7,40.5,,,,19.8,20.7,40.5,,,,,,,,,,,,,,,,
18.8,19.3,38.1,__,__,__,18.8,19.3,38.1,Mardyan,,09,18.5,19.0,37.5,,,,18.5,19.0,37.5,,,,,,,,,,,,,,,,
8.4,8.6,17.0,3.6,3.8,7.4,12.0,12.4,24.4,Qarqin,,10,8.2,8.4,16.6,3.5,3.7,7.2,11.7,12.1,23.8,,,,,,,,,,,,,,,,
22.8,23.8,46.6,1.0,1.0,2.0,23.8,24.8,48.6,Darzab,,11,22.4,23.4,45.8,1.0,1.0,2.0,23.4,24.4,47.8,,,,,,,,,,,,,,,,
,,,,,,,,,,,,,,,,,,,,,,,,,,,,,,,,,,,,
,,,,,,,,,,,,,,,,,,,,,,,,,,,,,,,,,,,,
,,,,,,,,,,,,,,,,,,,,,,,,,,,,,,,,,,,,
"Settled Population of Faryab province by Civil Division , Urban,  Rural  and Sex-2013-14",,,,,,,,,,,,,,,,,,,,,,,,,,,,,,,,,,,,
,,,,,,,,,,,,,,,,,,,,,,,,,,,,,,,,,,,,
 Figures in  Thousand,,,,,,,,,,Faryab Province,,,,,,,,,,,,,,,,,,,,,,,,,,
Rural,,,Urban,,,Total  Urban and  Rural,,,Minor Civil Division,,NO,,,,,,,,,,,,,,,,,,,,,,,,,
,,,,,,,,,,,,,,,,,,,,,,,,,,,,,,,,,,,,
,,,,,,,,,,,,,,,,,,,,,,,,,,,,,,,,,,,,
Female,Male,Both Sexes,Female,Male,Both Sexes,Female,Male,Both Sexes,,,,,,,,,,,,,,,,,,,,,,,,,,,,
,,,,,,,,,,,,,,,,,,,,,,,,,,,,,,,,,,,,
,,,,,,,,,,,,,,,,,,,,,,,,,,,,,,,,,,,,
414.8,432.8,847.6,57.5,59.5,117.0,472.3,492.3,964.6,Total,,,408.0,425.7,833.7,56.2,58.1,114.3,464.2,483.8,948.0,,,,,,,,,,,,,,,,
__,__,__,39.2,41.1,80.3,39.2,41.1,80.3,Faryab Center (Maimana),,01,,,0.0,38.4,40.1,78.5,38.4,40.1,78.5,,,,,,,,,,,,,,,,
90.6,95.9,186.5,__,__,__,90.6,95.9,186.5,Pashtun kot,,02,89.1,94.4,183.5,,,,89.1,94.4,183.5,,,,,,,,,,,,,,,,
24.4,25.8,50.2,__,__,__,24.4,25.8,50.2,Khwaja Sabz Posh i Wali,,03,24.0,25.4,49.4,,,,24.0,25.4,49.4,,,,,,,,,,,,,,,,
34.3,35.2,69.5,__,__,__,34.3,35.2,69.5,Almar,,04,33.7,34.6,68.3,,,,33.7,34.6,68.3,,,,,,,,,,,,,,,,
25.1,26.5,51.6,__,__,__,25.1,26.5,51.6,Bilchiragh,,05,24.7,26.0,50.7,,,,24.7,26.0,50.7,,,,,,,,,,,,,,,,
39.4,41.1,80.5,__,__,__,39.4,41.1,80.5,Shirin Tagab,,06,38.7,40.4,79.1,,,,38.7,40.4,79.1,,,,,,,,,,,,,,,,
68.8,72.0,140.8,__,__,__,68.8,72.0,140.8,Qaisar,,07,67.6,70.8,138.4,,,,67.6,70.8,138.4,,,,,,,,,,,,,,,,
36.9,38.0,74.9,__,__,__,36.9,38.0,74.9,Gurziwan,,08,36.3,37.4,73.7,,,,36.3,37.4,73.7,,,,,,,,,,,,,,,,
21.1,22.0,43.1,2.5,2.5,5.0,23.6,24.5,48.1,Dawlat Abad,,09,20.8,21.6,42.4,2.4,2.4,4.8,23.2,24.0,47.2,,,,,,,,,,,,,,,,
26.5,27.4,53.9,__,__,__,26.5,27.4,53.9,Kohistan,,10,26.1,27.0,53.1,,,,26.1,27.0,53.1,,,,,,,,,,,,,,,,
9.6,9.8,19.4,__,__,__,9.6,9.8,19.4,Qaram Qul,,11,9.5,9.6,19.1,,,,9.5,9.6,19.1,,,,,,,,,,,,,,,,
23.0,23.6,46.6,__,__,__,23.0,23.6,46.6,Qurghan,,12,22.6,23.2,45.8,,,,22.6,23.2,45.8,,,,,,,,,,,,,,,,
3.8,3.9,7.7,15.8,15.9,31.7,19.6,19.8,39.4,Andkhoy,,13,3.8,3.9,7.7,15.4,15.6,31.0,19.2,19.5,38.7,,,,,,,,,,,,,,,,
11.3,11.6,22.9,__,__,__,11.3,11.6,22.9,Khani Charbagh,,14,11.1,11.4,22.5,,,0.0,11.1,11.4,22.5,,,,,,,,,,,,,,,,
,,,,,,,,,,,,,,,,,,,,,,,,,,,,,,,,,,,,
,,,,,,,,,,,,,,,,,,,,,,,,,,,,,,,,,,,,
,,,,,,,,,,,,,,,,,,,,,,,,,,,,,,,,,,,,
"Settled Population of Helmand province by Civil Division , Urban,  Rural  and Sex-2013-14",,,,,,,,,,,,,,,,,,,,,,,,,,,,,,,,,,,,
,,,,,,,,,,,,,,,,,,,,,,,,,,,,,,,,,,,,
 Figures in  Thousand,,,,,,,,,,Helmand Province,,,,,,,,,,,,,,,,,,,,,,,,,,
Rural,,,Urban,,,Total  Urban and  Rural,,,Minor Civil Division,,NO,,,,,,,,,,,,,,,,,,,,,,,,,
,,,,,,,,,,,,,,,,,,,,,,,,,,,,,,,,,,,,
,,,,,,,,,,,,,,,,,,,,,,,,,,,,,,,,,,,,
Female,Male,Both Sexes,Female,Male,Both Sexes,Female,Male,Both Sexes,,,,,,,,,,,,,,,,,,,,,,,,,,,,
,,,,,,,,,,,,,,,,,,,,,,,,,,,,,,,,,,,,
,,,,,,,,,,,,,,,,,,,,,,,,,,,,,,,,,,,,
410.1,431.6,841.7,25.0,27.5,52.5,435.1,459.1,894.2,Total,,,403.5,424.6,828.1,24.5,26.9,51.4,428.0,451.5,879.5,,,,,,,,,,,,,,,,
29.0,30.5,59.5,20.2,22.3,42.5,49.2,52.8,102.0,Helmand Center (Lashkargah),,01,28.6,30.0,58.6,19.8,21.8,41.6,48.4,51.8,100.2,,,,,,,,,,,,,,,,
44.0,46.1,90.1,__,__,__,44.0,46.1,90.1,Nad Ali,,02,43.3,45.3,88.6,,,,43.3,45.3,88.6,,,,,,,,,,,,,,,,
44.7,47.2,91.9,__,__,__,44.7,47.2,91.9,Nawa-i- Barikzayi,,03,44.0,46.4,90.4,,,,44.0,46.4,90.4,,,,,,,,,,,,,,,,
51.7,54.4,106.1,4.8,5.2,10.0,56.5,59.6,116.1,Nahr-i- Saraj,,04,50.9,53.5,104.4,4.7,5.1,9.8,55.6,58.6,114.2,,,,,,,,,,,,,,,,
7.5,7.9,15.4,__,__,__,7.5,7.9,15.4,Washer,,05,7.4,7.8,15.2,,,,7.4,7.8,15.2,,,,,,,,,,,,,,,,
42.3,44.6,86.9,__,__,__,42.3,44.6,86.9,Garm Ser,,06,41.6,43.9,85.5,,,,41.6,43.9,85.5,,,,,,,,,,,,,,,,
24.5,25.8,50.3,__,__,__,24.5,25.8,50.3,Nawzad,,07,24.1,25.4,49.5,,,,24.1,25.4,49.5,,,,,,,,,,,,,,,,
28.8,30.3,59.1,__,__,__,28.8,30.3,59.1,Sangin             ,,08,28.3,29.8,58.1,,,,28.3,29.8,58.1,,,,,,,,,,,,,,,,
28.4,30.0,58.4,__,__,__,28.4,30.0,58.4,Musa Qala,,09,28.0,29.5,57.5,,,,28.0,29.5,57.5,,,,,,,,,,,,,,,,
34.4,36.1,70.5,__,__,__,34.4,36.1,70.5,Kajaki,,10,33.8,35.5,69.3,,,,33.8,35.5,69.3,,,,,,,,,,,,,,,,
12.7,13.4,26.1,__,__,__,12.7,13.4,26.1,Reg-i-Khan Nishin,,11,12.5,13.1,25.6,,,,12.5,13.1,25.6,,,,,,,,,,,,,,,,
39.3,41.3,80.6,__,__,__,39.3,41.3,80.6,Baghran         ,,12,38.6,40.7,79.3,,,,38.6,40.7,79.3,,,,,,,,,,,,,,,,
9.9,10.3,20.2,__,__,__,9.9,10.3,20.2,Dishu,,13,9.7,10.2,19.9,,,,9.7,10.2,19.9,,,,,,,,,,,,,,,,
12.9,13.7,26.6,__,__,__,12.9,13.7,26.6,Marja,,14*,12.7,13.5,26.2,,,,12.7,13.5,26.2,,,,,,,,,,,,,,,,
 Marja District is temporary                                            ,,,,,,,,,,,,,,,,,,,,,,,,,,,,,,,,,,,,
,,,,,,,,,,,,,,,,,,,,,,,,,,,,,,,,,,,,
,,,,,,,,,,,,,,,,,,,,,,,,,,,,,,,,,,,,
"Settled Population of Badghis province by Civil Division , Urban,  Rural  and Sex-2013-14",,,,,,,,,,,,,,,,,,,,,,,,,,,,,,,,,,,,
,,,,,,,,,,,,,,,,,,,,,,,,,,,,,,,,,,,,
 Figures in  Thousand,,,,,,,,,,Badghis Province,,,,,,,,,,,,,,,,,,,,,,,,,,
Rural,,,Urban,,,Total  Urban and  Rural,,,Minor Civil Division,,NO,,,,,,,,,,,,,,,,,,,,,,,,,
,,,,,,,,,,,,,,,,,,,,,,,,,,,,,,,,,,,,
,,,,,,,,,,,,,,,,,,,,,,,,,,,,,,,,,,,,
Female,Male,Both Sexes,Female,Male,Both Sexes,Female,Male,Both Sexes,,,,,,,,,,,,,,,,,,,,,,,,,,,,
,,,,,,,,,,,,,,,,,,,,,,,,,,,,,,,,,,,,
,,,,,,,,,,,,,,,,,,,,,,,,,,,,,,,,,,,,
227.6,238.0,465.6,6.9,7.3,14.2,234.5,245.3,479.8,Total,,,224.0,234.1,458.1,6.7,7.1,13.8,230.7,241.2,471.9,,,,,,,,,,,,,,,,
25.0,26.1,51.1,6.9,7.3,14.2,31.9,33.4,65.3,Badghis Center  (Qala-i- Now),,01,24.6,25.7,50.3,6.7,7.1,13.8,31.3,32.8,64.1,,,,,,,,,,,,,,,,
35.5,37.2,72.7,__,__,__,35.5,37.2,72.7,Ab Kamari,,02,35.0,36.6,71.6,,,,35.0,36.6,71.6,,,,,,,,,,,,,,,,
11.5,12.0,23.5,__,__,__,11.5,12.0,23.5,Muqur,,03,11.3,11.8,23.1,,,,11.3,11.8,23.1,,,,,,,,,,,,,,,,
43.6,46.3,89.9,__,__,__,43.6,46.3,89.9,Qadis,,04,42.8,45.6,88.4,,,,42.8,45.6,88.4,,,,,,,,,,,,,,,,
46.9,49.1,96.0,__,__,__,46.9,49.1,96.0,Murghab (Bala Murghab),,05,46.2,48.3,94.5,,,,46.2,48.3,94.5,,,,,,,,,,,,,,,,
38.4,39.5,77.9,__,__,__,38.4,39.5,77.9,Jawand,,06,37.8,38.8,76.6,,,,37.8,38.8,76.6,,,,,,,,,,,,,,,,
26.7,27.8,54.5,__,__,__,26.7,27.8,54.5,Ghormach,,07,26.3,27.3,53.6,,,,26.3,27.3,53.6,,,,,,,,,,,,,,,,
,,,,,,,,,,,,,,,,,,,,,,,,,,,,,,,,,,,,
,,,,,,,,,,,,,,,,,,,,,,,,,,,,,,,,,,,,
,,,,,,,,,,,,,,,,,,,,,,,,,,,,,,,,,,,,
"Settled Population of Herat province by Civil Division , Urban,  Rural  and Sex-2013-14",,,,,,,,,,,,,,,,,,,,,,,,,,,,,,,,,,,,
,,,,,,,,,,,,,,,,,,,,,,,,,,,,,,,,,,,,
 Figures in  Thousand,,,,,,,,,,Herat  Province,,,,,,,,,,,,,,,,,,,,,,,,,,
Rural,,,Urban,,,Total  Urban and  Rural,,,Minor Civil Division,,NO,,,,,,,,,,,,,,,,,,,,,,,,,
,,,,,,,,,,,,,,,,,,,,,,,,,,,,,,,,,,,,
,,,,,,,,,,,,,,,,,,,,,,,,,,,,,,,,,,,,
Female,Male,Both Sexes,Female,Male,Both Sexes,Female,Male,Both Sexes,,,,,,,,,,,,,,,,,,,,,,,,,,,,
,,,,,,,,,,,,,,,,,,,,,,,,,,,,,,,,,,,,
,,,,,,,,,,,,,,,,,,,,,,,,,,,,,,,,,,,,
642.9,658.4,1301.3,253.3,261.5,514.8,896.2,919.9,1816.1,Total,,,632.4,647.7,1280.1,245.9,254.0,499.9,878.3,901.7,1780.0,,,,,,,,,,,,,,,,
__,__,__,221.3,228.3,449.6,221.3,228.3,449.6,Herat  Center (Herat),,01,,,0.0,214.7,221.6,436.3,214.7,221.6,436.3,,,,,,,,,,,,,,,,
118.8,122.9,241.7,__,__,__,118.8,122.9,241.7,Enjil,,02,116.9,120.9,237.8,,,,116.9,120.9,237.8,,,,,,,,,,,,,,,,
71.5,73.5,145.0,__,__,__,71.5,73.5,145.0,Guzera (Nizam-i- Shahid),,03,70.4,72.3,142.7,,,,70.4,72.3,142.7,,,,,,,,,,,,,,,,
28.0,28.5,56.5,3.2,3.5,6.7,31.2,32.0,63.2,Karrukh,,04,27.5,28.0,55.5,3.1,3.4,6.5,30.6,31.4,62.0,,,,,,,,,,,,,,,,
28.1,28.3,56.4,__,__,__,28.1,28.3,56.4,Zendahjan,,05,27.6,27.9,55.5,,,,27.6,27.9,55.5,,,,,,,,,,,,,,,,
48.6,50.5,99.1,__,__,__,48.6,50.5,99.1,Pashtun Zarghun,,06,47.8,49.7,97.5,,,,47.8,49.7,97.5,,,,,,,,,,,,,,,,
52.6,53.9,106.5,8.3,8.3,16.6,60.9,62.2,123.1,Kushk (Rubat-i-Sangi),,07,51.8,53.0,104.8,8.1,8.1,16.2,59.9,61.1,121.0,,,,,,,,,,,,,,,,
46.5,46.6,93.1,__,__,__,46.5,46.6,93.1,Gulran,,08,45.7,45.8,91.5,,,,45.7,45.8,91.5,,,,,,,,,,,,,,,,
26.4,26.7,53.1,__,__,__,26.4,26.7,53.1,Adraskan,,09,25.9,26.3,52.2,,,,25.9,26.3,52.2,,,,,,,,,,,,,,,,
22.3,22.9,45.2,__,__,__,22.3,22.9,45.2,Kushk-i- Kuhna,,10,21.9,22.5,44.4,,,,21.9,22.5,44.4,,,,,,,,,,,,,,,,
26.7,27.3,54.0,16.4,17.1,33.5,43.1,44.4,87.5,Ghoryan,,11,26.3,26.8,53.1,16.0,16.8,32.8,42.3,43.6,85.9,,,,,,,,,,,,,,,,
35.1,36.3,71.4,1.7,1.7,3.4,36.8,38.0,74.8,Obe,,12,34.5,35.8,70.3,1.7,1.6,3.3,36.2,37.4,73.6,,,,,,,,,,,,,,,,
26.8,26.9,53.7,__,__,__,26.8,26.9,53.7,Kohsan,,13,26.4,26.5,52.9,,,,26.4,26.5,52.9,,,,,,,,,,,,,,,,
85.4,86.4,171.8,2.4,2.6,5.0,87.8,89.0,176.8,Shindand,,14,84.0,85.0,169.0,2.3,2.5,4.8,86.3,87.5,173.8,,,,,,,,,,,,,,,,
14.6,15.7,30.3,__,__,__,14.6,15.7,30.3,Fersi,,15,14.4,15.4,29.8,,,,14.4,15.4,29.8,,,,,,,,,,,,,,,,
11.5,12.0,23.5,__,__,__,11.5,12.0,23.5,Chishti Sharif,,16,11.3,11.8,23.1,,,,11.3,11.8,23.1,,,,,,,,,,,,,,,,
,,,,,,,,,,,,,,,,,,,,,,,,,,,,,,,,,,,,
,,,,,,,,,,,,,,,,,,,,,,,,,,,,,,,,,,,,
,,,,,,,,,,,,,,,,,,,,,,,,,,,,,,,,,,,,
"Settled Population of Farah province by Civil Division , Urban,  Rural  and Sex-2013-14",,,,,,,,,,,,,,,,,,,,,,,,,,,,,,,,,,,,
,,,,,,,,,,,,,,,,,,,,,,,,,,,,,,,,,,,,
 Figures in  Thousand,,,,,,,,,,Farah Province,,,,,,,,,,,,,,,,,,,,,,,,,,
Rural,,,Urban,,,Total  Urban and  Rural,,,Minor Civil Division,,NO,,,,,,,,,,,,,,,,,,,,,,,,,
,,,,,,,,,,,,,,,,,,,,,,,,,,,,,,,,,,,,
,,,,,,,,,,,,,,,,,,,,,,,,,,,,,,,,,,,,
Female,Male,Both Sexes,Female,Male,Both Sexes,Female,Male,Both Sexes,,,,,,,,,,,,,,,,,,,,,,,,,,,,
,,,,,,,,,,,,,,,,,,,,,,,,,,,,,,,,,,,,
,,,,,,,,,,,,,,,,,,,,,,,,,,,,,,,,,,,,
221.7,233.1,454.8,17.3,18.5,35.8,239.0,251.6,490.6,Total,,,218.1,229.3,447.4,16.9,18.1,35.0,235.0,247.4,482.4,,,,,,,,,,,,,,,,
36.5,38.1,74.6,17.3,18.5,35.8,53.8,56.6,110.4,Farah Center (Farah),,01,35.9,37.5,73.4,16.9,18.1,35.0,52.8,55.6,108.4,,,,,,,,,,,,,,,,
19.5,20.7,40.2,__,__,__,19.5,20.7,40.2,Pushtrud,,02,19.2,20.3,39.5,,,,19.2,20.3,39.5,,,,,,,,,,,,,,,,
14.7,15.2,29.9,__,__,__,14.7,15.2,29.9,Khak-i-safed,,03,14.5,15.0,29.5,,,,14.5,15.0,29.5,,,,,,,,,,,,,,,,
15.0,15.4,30.4,__,__,__,15.0,15.4,30.4,Qala-i-kah,,04,14.7,15.2,29.9,,,,14.7,15.2,29.9,,,,,,,,,,,,,,,,
11.4,11.7,23.1,__,__,__,11.4,11.7,23.1,Shibkoh,,05,11.2,11.5,22.7,,,,11.2,11.5,22.7,,,,,,,,,,,,,,,,
34.2,36.4,70.6,__,__,__,34.2,36.4,70.6,Bala Buluk,,06,33.7,35.8,69.5,,,,33.7,35.8,69.5,,,,,,,,,,,,,,,,
13.5,14.0,27.5,__,__,__,13.5,14.0,27.5,Anar Dara,,07,13.3,13.8,27.1,,,,13.3,13.8,27.1,,,,,,,,,,,,,,,,
17.1,18.0,35.1,__,__,__,17.1,18.0,35.1,Bakwa,,08,16.8,17.7,34.5,,,,16.8,17.7,34.5,,,,,,,,,,,,,,,,
13.5,14.2,27.7,__,__,__,13.5,14.2,27.7,Lash-i- Juwayn,,09,13.2,13.9,27.1,,,,13.2,13.9,27.1,,,,,,,,,,,,,,,,
20.9,22.0,42.9,__,__,__,20.9,22.0,42.9,Gulistan,,10,20.6,21.6,42.2,,,,20.6,21.6,42.2,,,,,,,,,,,,,,,,
25.4,27.4,52.8,__,__,__,25.4,27.4,52.8,Pur Chaman,,11,25.0,27.0,52.0,,,,25.0,27.0,52.0,,,,,,,,,,,,,,,,
,,,,,,,,,,,,,,,,,,,,,,,,,,,,,,,,,,,,
,,,,,,,,,,,,,,,,,,,,,,,,,,,,,,,,,,,,
,,,,,,,,,,,,,,,,,,,,,,,,,,,,,,,,,,,,
"Settled Population of Nimroz province by Civil Division , Urban,  Rural  and Sex-2013-14",,,,,,,,,,,,,,,,,,,,,,,,,,,,,,,,,,,,
,,,,,,,,,,,,,,,,,,,,,,,,,,,,,,,,,,,,
 Figures in  Thousand,,,,,,,,,,Nimroz Province,,,,,,,,,,,,,,,,,,,,,,,,,,
Rural,,,Urban,,,Total  Urban and  Rural,,,Minor Civil Division,,NO,,,,,,,,,,,,,,,,,,,,,,,,,
,,,,,,,,,,,,,,,,,,,,,,,,,,,,,,,,,,,,
,,,,,,,,,,,,,,,,,,,,,,,,,,,,,,,,,,,,
Female,Male,Both Sexes,Female,Male,Both Sexes,Female,Male,Both Sexes,,,,,,,,,,,,,,,,,,,,,,,,,,,,
,,,,,,,,,,,,,,,,,,,,,,,,,,,,,,,,,,,,
,,,,,,,,,,,,,,,,,,,,,,,,,,,,,,,,,,,,
65.4,68.5,133.9,12.5,12.9,25.4,77.9,81.4,159.3,Total,,,64.3,67.4,131.7,12.2,12.7,24.9,76.5,80.1,156.6,,,,,,,,,,,,,,,,
14.9,15.7,30.6,12.5,12.9,25.4,27.4,28.6,56.0,Nimroz Center (Zaranj),,01,14.6,15.4,30.0,12.2,12.7,24.9,26.8,28.1,54.9,,,,,,,,,,,,,,,,
10.9,11.2,22.1,__,__,__,10.9,11.2,22.1,Kang,,02,10.7,11.1,21.8,,,,10.7,11.1,21.8,,,,,,,,,,,,,,,,
11.5,11.9,23.4,__,__,__,11.5,11.9,23.4,Asl-i-chakhansur,,03,11.3,11.8,23.1,,,,11.3,11.8,23.1,,,,,,,,,,,,,,,,
12.7,13.5,26.2,__,__,__,12.7,13.5,26.2,Char Burjak,,04,12.5,13.2,25.7,,,,12.5,13.2,25.7,,,,,,,,,,,,,,,,
12.3,12.8,25.1,__,__,__,12.3,12.8,25.1,Khashrod,,05,12.1,12.6,24.7,,,,12.1,12.6,24.7,,,,,,,,,,,,,,,,
3.1,3.4,6.5,__,__,__,3.1,3.4,6.5,Dularam,,06 *,3.1,3.3,6.4,,,,3.1,3.3,6.4,,,,,,,,,,,,,,,,
Dularam District is temporary,,,,,,,,,,,,,,,,,,,,,,,,,,,,,,,,,,,,
,,,,,,,,,,,,,,,,,,,,,,,,,,,,,,,,,,,,
,,,,,,,,,,,,,,,,,,,,,,,,,,,,,,,,,,,,
,,,,,,,,,,,,,,,,,,,,,,,,,,,,,,,,,,,,
,,,,,,,,,,,,,,,,,,,,,,,,,,,,,,,,,,,,
,,,,,,,,,,,,,,,,,,,,,,,,,,,,,,,,,,,,
,,,,,,,,,,,,,,,,,,,,,,,,,,,,,,,,,,,,
,,,,,,,,,,,,,,,,,,,,,,,,,,,,,,,,,,,,